Area_name,Delim,POP010210D
UNITED STATES,#,308745538
ALABAMA,#,4779736
"Autauga, AL",#,54571
"Baldwin, AL",#,182265
"Barbour, AL",#,27457
"Bibb, AL",#,22915
"Blount, AL",#,57322
"Bullock, AL",#,10914
"Butler, AL",#,20947
"Calhoun, AL",#,118572
"Chambers, AL",#,34215
"Cherokee, AL",#,25989
"Chilton, AL",#,43643
"Choctaw, AL",#,13859
"Clarke, AL",#,25833
"Clay, AL",#,13932
"Cleburne, AL",#,14972
"Coffee, AL",#,49948
"Colbert, AL",#,54428
"Conecuh, AL",#,13228
"Coosa, AL",#,11539
"Covington, AL",#,37765
"Crenshaw, AL",#,13906
"Cullman, AL",#,80406
"Dale, AL",#,50251
"Dallas, AL",#,43820
"DeKalb, AL",#,71109
"Elmore, AL",#,79303
"Escambia, AL",#,38319
"Etowah, AL",#,104430
"Fayette, AL",#,17241
"Franklin, AL",#,31704
"Geneva, AL",#,26790
"Greene, AL",#,9045
"Hale, AL",#,15760
"Henry, AL",#,17302
"Houston, AL",#,101547
"Jackson, AL",#,53227
"Jefferson, AL",#,658466
"Lamar, AL",#,14564
"Lauderdale, AL",#,92709
"Lawrence, AL",#,34339
"Lee, AL",#,140247
"Limestone, AL",#,82782
"Lowndes, AL",#,11299
"Macon, AL",#,21452
"Madison, AL",#,334811
"Marengo, AL",#,21027
"Marion, AL",#,30776
"Marshall, AL",#,93019
"Mobile, AL",#,412992
"Monroe, AL",#,23068
"Montgomery, AL",#,229363
"Morgan, AL",#,119490
"Perry, AL",#,10591
"Pickens, AL",#,19746
"Pike, AL",#,32899
"Randolph, AL",#,22913
"Russell, AL",#,52947
"St. Clair, AL",#,83593
"Shelby, AL",#,195085
"Sumter, AL",#,13763
"Talladega, AL",#,82291
"Tallapoosa, AL",#,41616
"Tuscaloosa, AL",#,194656
"Walker, AL",#,67023
"Washington, AL",#,17581
"Wilcox, AL",#,11670
"Winston, AL",#,24484
ALASKA,#,710231
"Aleutians East, AK",#,3141
"Aleutians West, AK",#,5561
"Anchorage, AK",#,291826
"Bethel, AK",#,17013
"Bristol Bay, AK",#,997
"Denali, AK",#,1826
"Dillingham, AK",#,4847
"Fairbanks North Star, AK",#,97581
"Haines, AK",#,2508
"Hoonah-Angoon, AK",#,2150
"Juneau, AK",#,31275
"Kenai Peninsula, AK",#,55400
"Ketchikan Gateway, AK",#,13477
"Kodiak Island, AK",#,13592
"Lake and Peninsula, AK",#,1631
"Matanuska-Susitna, AK",#,88995
"Nome, AK",#,9492
"North Slope, AK",#,9430
"Northwest Arctic, AK",#,7523
"Petersburg, AK",#,3815
"Prince of Wales-Hyder, AK",#,5559
"Sitka, AK",#,8881
"Skagway, AK",#,968
"Southeast Fairbanks, AK",#,7029
"Valdez-Cordova, AK",#,9636
"Wade Hampton, AK",#,7459
"Wrangell, AK",#,2369
"Yakutat, AK",#,662
"Yukon-Koyukuk, AK",#,5588
ARIZONA,#,6392017
"Apache, AZ",#,71518
"Cochise, AZ",#,131346
"Coconino, AZ",#,134421
"Gila, AZ",#,53597
"Graham, AZ",#,37220
"Greenlee, AZ",#,8437
"La Paz, AZ",#,20489
"Maricopa, AZ",#,3817117
"Mohave, AZ",#,200186
"Navajo, AZ",#,107449
"Pima, AZ",#,980263
"Pinal, AZ",#,375770
"Santa Cruz, AZ",#,47420
"Yavapai, AZ",#,211033
"Yuma, AZ",#,195751
ARKANSAS,#,2915918
"Arkansas, AR",#,19019
"Ashley, AR",#,21853
"Baxter, AR",#,41513
"Benton, AR",#,221339
"Boone, AR",#,36903
"Bradley, AR",#,11508
"Calhoun, AR",#,5368
"Carroll, AR",#,27446
"Chicot, AR",#,11800
"Clark, AR",#,22995
"Clay, AR",#,16083
"Cleburne, AR",#,25970
"Cleveland, AR",#,8689
"Columbia, AR",#,24552
"Conway, AR",#,21273
"Craighead, AR",#,96443
"Crawford, AR",#,61948
"Crittenden, AR",#,50902
"Cross, AR",#,17870
"Dallas, AR",#,8116
"Desha, AR",#,13008
"Drew, AR",#,18509
"Faulkner, AR",#,113237
"Franklin, AR",#,18125
"Fulton, AR",#,12245
"Garland, AR",#,96024
"Grant, AR",#,17853
"Greene, AR",#,42090
"Hempstead, AR",#,22609
"Hot Spring, AR",#,32923
"Howard, AR",#,13789
"Independence, AR",#,36647
"Izard, AR",#,13696
"Jackson, AR",#,17997
"Jefferson, AR",#,77435
"Johnson, AR",#,25540
"Lafayette, AR",#,7645
"Lawrence, AR",#,17415
"Lee, AR",#,10424
"Lincoln, AR",#,14134
"Little River, AR",#,13171
"Logan, AR",#,22353
"Lonoke, AR",#,68356
"Madison, AR",#,15717
"Marion, AR",#,16653
"Miller, AR",#,43462
"Mississippi, AR",#,46480
"Monroe, AR",#,8149
"Montgomery, AR",#,9487
"Nevada, AR",#,8997
"Newton, AR",#,8330
"Ouachita, AR",#,26120
"Perry, AR",#,10445
"Phillips, AR",#,21757
"Pike, AR",#,11291
"Poinsett, AR",#,24583
"Polk, AR",#,20662
"Pope, AR",#,61754
"Prairie, AR",#,8715
"Pulaski, AR",#,382748
"Randolph, AR",#,17969
"St. Francis, AR",#,28258
"Saline, AR",#,107118
"Scott, AR",#,11233
"Searcy, AR",#,8195
"Sebastian, AR",#,125744
"Sevier, AR",#,17058
"Sharp, AR",#,17264
"Stone, AR",#,12394
"Union, AR",#,41639
"Van Buren, AR",#,17295
"Washington, AR",#,203065
"White, AR",#,77076
"Woodruff, AR",#,7260
"Yell, AR",#,22185
CALIFORNIA,#,37253956
"Alameda, CA",#,1510271
"Alpine, CA",#,1175
"Amador, CA",#,38091
"Butte, CA",#,220000
"Calaveras, CA",#,45578
"Colusa, CA",#,21419
"Contra Costa, CA",#,1049025
"Del Norte, CA",#,28610
"El Dorado, CA",#,181058
"Fresno, CA",#,930450
"Glenn, CA",#,28122
"Humboldt, CA",#,134623
"Imperial, CA",#,174528
"Inyo, CA",#,18546
"Kern, CA",#,839631
"Kings, CA",#,152982
"Lake, CA",#,64665
"Lassen, CA",#,34895
"Los Angeles, CA",#,9818605
"Madera, CA",#,150865
"Marin, CA",#,252409
"Mariposa, CA",#,18251
"Mendocino, CA",#,87841
"Merced, CA",#,255793
"Modoc, CA",#,9686
"Mono, CA",#,14202
"Monterey, CA",#,415057
"Napa, CA",#,136484
"Nevada, CA",#,98764
"Orange, CA",#,3010232
"Placer, CA",#,348432
"Plumas, CA",#,20007
"Riverside, CA",#,2189641
"Sacramento, CA",#,1418788
"San Benito, CA",#,55269
"San Bernardino, CA",#,2035210
"San Diego, CA",#,3095313
"San Francisco, CA",#,805235
"San Joaquin, CA",#,685306
"San Luis Obispo, CA",#,269637
"San Mateo, CA",#,718451
"Santa Barbara, CA",#,423895
"Santa Clara, CA",#,1781642
"Santa Cruz, CA",#,262382
"Shasta, CA",#,177223
"Sierra, CA",#,3240
"Siskiyou, CA",#,44900
"Solano, CA",#,413344
"Sonoma, CA",#,483878
"Stanislaus, CA",#,514453
"Sutter, CA",#,94737
"Tehama, CA",#,63463
"Trinity, CA",#,13786
"Tulare, CA",#,442179
"Tuolumne, CA",#,55365
"Ventura, CA",#,823318
"Yolo, CA",#,200849
"Yuba, CA",#,72155
COLORADO,#,5029196
"Adams, CO",#,441603
"Alamosa, CO",#,15445
"Arapahoe, CO",#,572003
"Archuleta, CO",#,12084
"Baca, CO",#,3788
"Bent, CO",#,6499
"Boulder, CO",#,294567
"Broomfield, CO",#,55889
"Chaffee, CO",#,17809
"Cheyenne, CO",#,1836
"Clear Creek, CO",#,9088
"Conejos, CO",#,8256
"Costilla, CO",#,3524
"Crowley, CO",#,5823
"Custer, CO",#,4255
"Delta, CO",#,30952
"Denver, CO",#,600158
"Dolores, CO",#,2064
"Douglas, CO",#,285465
"Eagle, CO",#,52197
"Elbert, CO",#,23086
"El Paso, CO",#,622263
"Fremont, CO",#,46824
"Garfield, CO",#,56389
"Gilpin, CO",#,5441
"Grand, CO",#,14843
"Gunnison, CO",#,15324
"Hinsdale, CO",#,843
"Huerfano, CO",#,6711
"Jackson, CO",#,1394
"Jefferson, CO",#,534543
"Kiowa, CO",#,1398
"Kit Carson, CO",#,8270
"Lake, CO",#,7310
"La Plata, CO",#,51334
"Larimer, CO",#,299630
"Las Animas, CO",#,15507
"Lincoln, CO",#,5467
"Logan, CO",#,22709
"Mesa, CO",#,146723
"Mineral, CO",#,712
"Moffat, CO",#,13795
"Montezuma, CO",#,25535
"Montrose, CO",#,41276
"Morgan, CO",#,28159
"Otero, CO",#,18831
"Ouray, CO",#,4436
"Park, CO",#,16206
"Phillips, CO",#,4442
"Pitkin, CO",#,17148
"Prowers, CO",#,12551
"Pueblo, CO",#,159063
"Rio Blanco, CO",#,6666
"Rio Grande, CO",#,11982
"Routt, CO",#,23509
"Saguache, CO",#,6108
"San Juan, CO",#,699
"San Miguel, CO",#,7359
"Sedgwick, CO",#,2379
"Summit, CO",#,27994
"Teller, CO",#,23350
"Washington, CO",#,4814
"Weld, CO",#,252825
"Yuma, CO",#,10043
CONNECTICUT,#,3574097
"Fairfield, CT",#,916829
"Hartford, CT",#,894014
"Litchfield, CT",#,189927
"Middlesex, CT",#,165676
"New Haven, CT",#,862477
"New London, CT",#,274055
"Tolland, CT",#,152691
"Windham, CT",#,118428
DELAWARE,#,897934
"Kent, DE",#,162310
"New Castle, DE",#,538479
"Sussex, DE",#,197145
DISTRICT OF COLUMBIA,#,601723
District of Columbia,#,601723
FLORIDA,#,18801310
"Alachua, FL",#,247336
"Baker, FL",#,27115
"Bay, FL",#,168852
"Bradford, FL",#,28520
"Brevard, FL",#,543376
"Broward, FL",#,1748066
"Calhoun, FL",#,14625
"Charlotte, FL",#,159978
"Citrus, FL",#,141236
"Clay, FL",#,190865
"Collier, FL",#,321520
"Columbia, FL",#,67531
"DeSoto, FL",#,34862
"Dixie, FL",#,16422
"Duval, FL",#,864263
"Escambia, FL",#,297619
"Flagler, FL",#,95696
"Franklin, FL",#,11549
"Gadsden, FL",#,46389
"Gilchrist, FL",#,16939
"Glades, FL",#,12884
"Gulf, FL",#,15863
"Hamilton, FL",#,14799
"Hardee, FL",#,27731
"Hendry, FL",#,39140
"Hernando, FL",#,172778
"Highlands, FL",#,98786
"Hillsborough, FL",#,1229226
"Holmes, FL",#,19927
"Indian River, FL",#,138028
"Jackson, FL",#,49746
"Jefferson, FL",#,14761
"Lafayette, FL",#,8870
"Lake, FL",#,297052
"Lee, FL",#,618754
"Leon, FL",#,275487
"Levy, FL",#,40801
"Liberty, FL",#,8365
"Madison, FL",#,19224
"Manatee, FL",#,322833
"Marion, FL",#,331298
"Martin, FL",#,146318
"Miami-Dade, FL",#,2496435
"Monroe, FL",#,73090
"Nassau, FL",#,73314
"Okaloosa, FL",#,180822
"Okeechobee, FL",#,39996
"Orange, FL",#,1145956
"Osceola, FL",#,268685
"Palm Beach, FL",#,1320134
"Pasco, FL",#,464697
"Pinellas, FL",#,916542
"Polk, FL",#,602095
"Putnam, FL",#,74364
"St. Johns, FL",#,190039
"St. Lucie, FL",#,277789
"Santa Rosa, FL",#,151372
"Sarasota, FL",#,379448
"Seminole, FL",#,422718
"Sumter, FL",#,93420
"Suwannee, FL",#,41551
"Taylor, FL",#,22570
"Union, FL",#,15535
"Volusia, FL",#,494593
"Wakulla, FL",#,30776
"Walton, FL",#,55043
"Washington, FL",#,24896
GEORGIA,#,9687653
"Appling, GA",#,18236
"Atkinson, GA",#,8375
"Bacon, GA",#,11096
"Baker, GA",#,3451
"Baldwin, GA",#,45720
"Banks, GA",#,18395
"Barrow, GA",#,69367
"Bartow, GA",#,100157
"Ben Hill, GA",#,17634
"Berrien, GA",#,19286
"Bibb, GA",#,155547
"Bleckley, GA",#,13063
"Brantley, GA",#,18411
"Brooks, GA",#,16243
"Bryan, GA",#,30233
"Bulloch, GA",#,70217
"Burke, GA",#,23316
"Butts, GA",#,23655
"Calhoun, GA",#,6694
"Camden, GA",#,50513
"Candler, GA",#,10998
"Carroll, GA",#,110527
"Catoosa, GA",#,63942
"Charlton, GA",#,12171
"Chatham, GA",#,265128
"Chattahoochee, GA",#,11267
"Chattooga, GA",#,26015
"Cherokee, GA",#,214346
"Clarke, GA",#,116714
"Clay, GA",#,3183
"Clayton, GA",#,259424
"Clinch, GA",#,6798
"Cobb, GA",#,688078
"Coffee, GA",#,42356
"Colquitt, GA",#,45498
"Columbia, GA",#,124053
"Cook, GA",#,17212
"Coweta, GA",#,127317
"Crawford, GA",#,12630
"Crisp, GA",#,23439
"Dade, GA",#,16633
"Dawson, GA",#,22330
"Decatur, GA",#,27842
"DeKalb, GA",#,691893
"Dodge, GA",#,21796
"Dooly, GA",#,14918
"Dougherty, GA",#,94565
"Douglas, GA",#,132403
"Early, GA",#,11008
"Echols, GA",#,4034
"Effingham, GA",#,52250
"Elbert, GA",#,20166
"Emanuel, GA",#,22598
"Evans, GA",#,11000
"Fannin, GA",#,23682
"Fayette, GA",#,106567
"Floyd, GA",#,96317
"Forsyth, GA",#,175511
"Franklin, GA",#,22084
"Fulton, GA",#,920581
"Gilmer, GA",#,28292
"Glascock, GA",#,3082
"Glynn, GA",#,79626
"Gordon, GA",#,55186
"Grady, GA",#,25011
"Greene, GA",#,15994
"Gwinnett, GA",#,805321
"Habersham, GA",#,43041
"Hall, GA",#,179684
"Hancock, GA",#,9429
"Haralson, GA",#,28780
"Harris, GA",#,32024
"Hart, GA",#,25213
"Heard, GA",#,11834
"Henry, GA",#,203922
"Houston, GA",#,139900
"Irwin, GA",#,9538
"Jackson, GA",#,60485
"Jasper, GA",#,13900
"Jeff Davis, GA",#,15068
"Jefferson, GA",#,16930
"Jenkins, GA",#,8340
"Johnson, GA",#,9980
"Jones, GA",#,28669
"Lamar, GA",#,18317
"Lanier, GA",#,10078
"Laurens, GA",#,48434
"Lee, GA",#,28298
"Liberty, GA",#,63453
"Lincoln, GA",#,7996
"Long, GA",#,14464
"Lowndes, GA",#,109233
"Lumpkin, GA",#,29966
"McDuffie, GA",#,21875
"McIntosh, GA",#,14333
"Macon, GA",#,14740
"Madison, GA",#,28120
"Marion, GA",#,8742
"Meriwether, GA",#,21992
"Miller, GA",#,6125
"Mitchell, GA",#,23498
"Monroe, GA",#,26424
"Montgomery, GA",#,9123
"Morgan, GA",#,17868
"Murray, GA",#,39628
"Muscogee, GA",#,189885
"Newton, GA",#,99958
"Oconee, GA",#,32808
"Oglethorpe, GA",#,14899
"Paulding, GA",#,142324
"Peach, GA",#,27695
"Pickens, GA",#,29431
"Pierce, GA",#,18758
"Pike, GA",#,17869
"Polk, GA",#,41475
"Pulaski, GA",#,12010
"Putnam, GA",#,21218
"Quitman, GA",#,2513
"Rabun, GA",#,16276
"Randolph, GA",#,7719
"Richmond, GA",#,200549
"Rockdale, GA",#,85215
"Schley, GA",#,5010
"Screven, GA",#,14593
"Seminole, GA",#,8729
"Spalding, GA",#,64073
"Stephens, GA",#,26175
"Stewart, GA",#,6058
"Sumter, GA",#,32819
"Talbot, GA",#,6865
"Taliaferro, GA",#,1717
"Tattnall, GA",#,25520
"Taylor, GA",#,8906
"Telfair, GA",#,16500
"Terrell, GA",#,9315
"Thomas, GA",#,44720
"Tift, GA",#,40118
"Toombs, GA",#,27223
"Towns, GA",#,10471
"Treutlen, GA",#,6885
"Troup, GA",#,67044
"Turner, GA",#,8930
"Twiggs, GA",#,9023
"Union, GA",#,21356
"Upson, GA",#,27153
"Walker, GA",#,68756
"Walton, GA",#,83768
"Ware, GA",#,36312
"Warren, GA",#,5834
"Washington, GA",#,21187
"Wayne, GA",#,30099
"Webster, GA",#,2799
"Wheeler, GA",#,7421
"White, GA",#,27144
"Whitfield, GA",#,102599
"Wilcox, GA",#,9255
"Wilkes, GA",#,10593
"Wilkinson, GA",#,9563
"Worth, GA",#,21679
HAWAII,#,1360301
"Hawaii, HI",#,185079
"Honolulu, HI",#,953207
"Kalawao, HI",#,90
"Kauai, HI",#,67091
"Maui, HI",#,154834
IDAHO,#,1567582
"Ada, ID",#,392365
"Adams, ID",#,3976
"Bannock, ID",#,82839
"Bear Lake, ID",#,5986
"Benewah, ID",#,9285
"Bingham, ID",#,45607
"Blaine, ID",#,21376
"Boise, ID",#,7028
"Bonner, ID",#,40877
"Bonneville, ID",#,104234
"Boundary, ID",#,10972
"Butte, ID",#,2891
"Camas, ID",#,1117
"Canyon, ID",#,188923
"Caribou, ID",#,6963
"Cassia, ID",#,22952
"Clark, ID",#,982
"Clearwater, ID",#,8761
"Custer, ID",#,4368
"Elmore, ID",#,27038
"Franklin, ID",#,12786
"Fremont, ID",#,13242
"Gem, ID",#,16719
"Gooding, ID",#,15464
"Idaho, ID",#,16267
"Jefferson, ID",#,26140
"Jerome, ID",#,22374
"Kootenai, ID",#,138494
"Latah, ID",#,37244
"Lemhi, ID",#,7936
"Lewis, ID",#,3821
"Lincoln, ID",#,5208
"Madison, ID",#,37536
"Minidoka, ID",#,20069
"Nez Perce, ID",#,39265
"Oneida, ID",#,4286
"Owyhee, ID",#,11526
"Payette, ID",#,22623
"Power, ID",#,7817
"Shoshone, ID",#,12765
"Teton, ID",#,10170
"Twin Falls, ID",#,77230
"Valley, ID",#,9862
"Washington, ID",#,10198
ILLINOIS,#,12830632
"Adams, IL",#,67103
"Alexander, IL",#,8238
"Bond, IL",#,17768
"Boone, IL",#,54165
"Brown, IL",#,6937
"Bureau, IL",#,34978
"Calhoun, IL",#,5089
"Carroll, IL",#,15387
"Cass, IL",#,13642
"Champaign, IL",#,201081
"Christian, IL",#,34800
"Clark, IL",#,16335
"Clay, IL",#,13815
"Clinton, IL",#,37762
"Coles, IL",#,53873
"Cook, IL",#,5194675
"Crawford, IL",#,19817
"Cumberland, IL",#,11048
"DeKalb, IL",#,105160
"De Witt, IL",#,16561
"Douglas, IL",#,19980
"DuPage, IL",#,916924
"Edgar, IL",#,18576
"Edwards, IL",#,6721
"Effingham, IL",#,34242
"Fayette, IL",#,22140
"Ford, IL",#,14081
"Franklin, IL",#,39561
"Fulton, IL",#,37069
"Gallatin, IL",#,5589
"Greene, IL",#,13886
"Grundy, IL",#,50063
"Hamilton, IL",#,8457
"Hancock, IL",#,19104
"Hardin, IL",#,4320
"Henderson, IL",#,7331
"Henry, IL",#,50486
"Iroquois, IL",#,29718
"Jackson, IL",#,60218
"Jasper, IL",#,9698
"Jefferson, IL",#,38827
"Jersey, IL",#,22985
"Jo Daviess, IL",#,22678
"Johnson, IL",#,12582
"Kane, IL",#,515269
"Kankakee, IL",#,113449
"Kendall, IL",#,114736
"Knox, IL",#,52919
"Lake, IL",#,703462
"LaSalle, IL",#,113924
"Lawrence, IL",#,16833
"Lee, IL",#,36031
"Livingston, IL",#,38950
"Logan, IL",#,30305
"McDonough, IL",#,32612
"McHenry, IL",#,308760
"McLean, IL",#,169572
"Macon, IL",#,110768
"Macoupin, IL",#,47765
"Madison, IL",#,269282
"Marion, IL",#,39437
"Marshall, IL",#,12640
"Mason, IL",#,14666
"Massac, IL",#,15429
"Menard, IL",#,12705
"Mercer, IL",#,16434
"Monroe, IL",#,32957
"Montgomery, IL",#,30104
"Morgan, IL",#,35547
"Moultrie, IL",#,14846
"Ogle, IL",#,53497
"Peoria, IL",#,186494
"Perry, IL",#,22350
"Piatt, IL",#,16729
"Pike, IL",#,16430
"Pope, IL",#,4470
"Pulaski, IL",#,6161
"Putnam, IL",#,6006
"Randolph, IL",#,33476
"Richland, IL",#,16233
"Rock Island, IL",#,147546
"St. Clair, IL",#,270056
"Saline, IL",#,24913
"Sangamon, IL",#,197465
"Schuyler, IL",#,7544
"Scott, IL",#,5355
"Shelby, IL",#,22363
"Stark, IL",#,5994
"Stephenson, IL",#,47711
"Tazewell, IL",#,135394
"Union, IL",#,17808
"Vermilion, IL",#,81625
"Wabash, IL",#,11947
"Warren, IL",#,17707
"Washington, IL",#,14716
"Wayne, IL",#,16760
"White, IL",#,14665
"Whiteside, IL",#,58498
"Will, IL",#,677560
"Williamson, IL",#,66357
"Winnebago, IL",#,295266
"Woodford, IL",#,38664
INDIANA,#,6483802
"Adams, IN",#,34387
"Allen, IN",#,355329
"Bartholomew, IN",#,76794
"Benton, IN",#,8854
"Blackford, IN",#,12766
"Boone, IN",#,56640
"Brown, IN",#,15242
"Carroll, IN",#,20155
"Cass, IN",#,38966
"Clark, IN",#,110232
"Clay, IN",#,26890
"Clinton, IN",#,33224
"Crawford, IN",#,10713
"Daviess, IN",#,31648
"Dearborn, IN",#,50047
"Decatur, IN",#,25740
"DeKalb, IN",#,42223
"Delaware, IN",#,117671
"Dubois, IN",#,41889
"Elkhart, IN",#,197559
"Fayette, IN",#,24277
"Floyd, IN",#,74578
"Fountain, IN",#,17240
"Franklin, IN",#,23087
"Fulton, IN",#,20836
"Gibson, IN",#,33503
"Grant, IN",#,70061
"Greene, IN",#,33165
"Hamilton, IN",#,274569
"Hancock, IN",#,70002
"Harrison, IN",#,39364
"Hendricks, IN",#,145448
"Henry, IN",#,49462
"Howard, IN",#,82752
"Huntington, IN",#,37124
"Jackson, IN",#,42376
"Jasper, IN",#,33478
"Jay, IN",#,21253
"Jefferson, IN",#,32428
"Jennings, IN",#,28525
"Johnson, IN",#,139654
"Knox, IN",#,38440
"Kosciusko, IN",#,77358
"LaGrange, IN",#,37128
"Lake, IN",#,496005
"LaPorte, IN",#,111467
"Lawrence, IN",#,46134
"Madison, IN",#,131636
"Marion, IN",#,903393
"Marshall, IN",#,47051
"Martin, IN",#,10334
"Miami, IN",#,36903
"Monroe, IN",#,137974
"Montgomery, IN",#,38124
"Morgan, IN",#,68894
"Newton, IN",#,14244
"Noble, IN",#,47536
"Ohio, IN",#,6128
"Orange, IN",#,19840
"Owen, IN",#,21575
"Parke, IN",#,17339
"Perry, IN",#,19338
"Pike, IN",#,12845
"Porter, IN",#,164343
"Posey, IN",#,25910
"Pulaski, IN",#,13402
"Putnam, IN",#,37963
"Randolph, IN",#,26171
"Ripley, IN",#,28818
"Rush, IN",#,17392
"St. Joseph, IN",#,266931
"Scott, IN",#,24181
"Shelby, IN",#,44436
"Spencer, IN",#,20952
"Starke, IN",#,23363
"Steuben, IN",#,34185
"Sullivan, IN",#,21475
"Switzerland, IN",#,10613
"Tippecanoe, IN",#,172780
"Tipton, IN",#,15936
"Union, IN",#,7516
"Vanderburgh, IN",#,179703
"Vermillion, IN",#,16212
"Vigo, IN",#,107848
"Wabash, IN",#,32888
"Warren, IN",#,8508
"Warrick, IN",#,59689
"Washington, IN",#,28262
"Wayne, IN",#,68917
"Wells, IN",#,27636
"White, IN",#,24643
"Whitley, IN",#,33292
IOWA,#,3046355
"Adair, IA",#,7682
"Adams, IA",#,4029
"Allamakee, IA",#,14330
"Appanoose, IA",#,12887
"Audubon, IA",#,6119
"Benton, IA",#,26076
"Black Hawk, IA",#,131090
"Boone, IA",#,26306
"Bremer, IA",#,24276
"Buchanan, IA",#,20958
"Buena Vista, IA",#,20260
"Butler, IA",#,14867
"Calhoun, IA",#,9670
"Carroll, IA",#,20816
"Cass, IA",#,13956
"Cedar, IA",#,18499
"Cerro Gordo, IA",#,44151
"Cherokee, IA",#,12072
"Chickasaw, IA",#,12439
"Clarke, IA",#,9286
"Clay, IA",#,16667
"Clayton, IA",#,18129
"Clinton, IA",#,49116
"Crawford, IA",#,17096
"Dallas, IA",#,66135
"Davis, IA",#,8753
"Decatur, IA",#,8457
"Delaware, IA",#,17764
"Des Moines, IA",#,40325
"Dickinson, IA",#,16667
"Dubuque, IA",#,93653
"Emmet, IA",#,10302
"Fayette, IA",#,20880
"Floyd, IA",#,16303
"Franklin, IA",#,10680
"Fremont, IA",#,7441
"Greene, IA",#,9336
"Grundy, IA",#,12453
"Guthrie, IA",#,10954
"Hamilton, IA",#,15673
"Hancock, IA",#,11341
"Hardin, IA",#,17534
"Harrison, IA",#,14928
"Henry, IA",#,20145
"Howard, IA",#,9566
"Humboldt, IA",#,9815
"Ida, IA",#,7089
"Iowa, IA",#,16355
"Jackson, IA",#,19848
"Jasper, IA",#,36842
"Jefferson, IA",#,16843
"Johnson, IA",#,130882
"Jones, IA",#,20638
"Keokuk, IA",#,10511
"Kossuth, IA",#,15543
"Lee, IA",#,35862
"Linn, IA",#,211226
"Louisa, IA",#,11387
"Lucas, IA",#,8898
"Lyon, IA",#,11581
"Madison, IA",#,15679
"Mahaska, IA",#,22381
"Marion, IA",#,33309
"Marshall, IA",#,40648
"Mills, IA",#,15059
"Mitchell, IA",#,10776
"Monona, IA",#,9243
"Monroe, IA",#,7970
"Montgomery, IA",#,10740
"Muscatine, IA",#,42745
"O'Brien, IA",#,14398
"Osceola, IA",#,6462
"Page, IA",#,15932
"Palo Alto, IA",#,9421
"Plymouth, IA",#,24986
"Pocahontas, IA",#,7310
"Polk, IA",#,430640
"Pottawattamie, IA",#,93158
"Poweshiek, IA",#,18914
"Ringgold, IA",#,5131
"Sac, IA",#,10350
"Scott, IA",#,165224
"Shelby, IA",#,12167
"Sioux, IA",#,33704
"Story, IA",#,89542
"Tama, IA",#,17767
"Taylor, IA",#,6317
"Union, IA",#,12534
"Van Buren, IA",#,7570
"Wapello, IA",#,35625
"Warren, IA",#,46225
"Washington, IA",#,21704
"Wayne, IA",#,6403
"Webster, IA",#,38013
"Winnebago, IA",#,10866
"Winneshiek, IA",#,21056
"Woodbury, IA",#,102172
"Worth, IA",#,7598
"Wright, IA",#,13229
KANSAS,#,2853118
"Allen, KS",#,13371
"Anderson, KS",#,8102
"Atchison, KS",#,16924
"Barber, KS",#,4861
"Barton, KS",#,27674
"Bourbon, KS",#,15173
"Brown, KS",#,9984
"Butler, KS",#,65880
"Chase, KS",#,2790
"Chautauqua, KS",#,3669
"Cherokee, KS",#,21603
"Cheyenne, KS",#,2726
"Clark, KS",#,2215
"Clay, KS",#,8535
"Cloud, KS",#,9533
"Coffey, KS",#,8601
"Comanche, KS",#,1891
"Cowley, KS",#,36311
"Crawford, KS",#,39134
"Decatur, KS",#,2961
"Dickinson, KS",#,19754
"Doniphan, KS",#,7945
"Douglas, KS",#,110826
"Edwards, KS",#,3037
"Elk, KS",#,2882
"Ellis, KS",#,28452
"Ellsworth, KS",#,6497
"Finney, KS",#,36776
"Ford, KS",#,33848
"Franklin, KS",#,25992
"Geary, KS",#,34362
"Gove, KS",#,2695
"Graham, KS",#,2597
"Grant, KS",#,7829
"Gray, KS",#,6006
"Greeley, KS",#,1247
"Greenwood, KS",#,6689
"Hamilton, KS",#,2690
"Harper, KS",#,6034
"Harvey, KS",#,34684
"Haskell, KS",#,4256
"Hodgeman, KS",#,1916
"Jackson, KS",#,13462
"Jefferson, KS",#,19126
"Jewell, KS",#,3077
"Johnson, KS",#,544179
"Kearny, KS",#,3977
"Kingman, KS",#,7858
"Kiowa, KS",#,2553
"Labette, KS",#,21607
"Lane, KS",#,1750
"Leavenworth, KS",#,76227
"Lincoln, KS",#,3241
"Linn, KS",#,9656
"Logan, KS",#,2756
"Lyon, KS",#,33690
"McPherson, KS",#,29180
"Marion, KS",#,12660
"Marshall, KS",#,10117
"Meade, KS",#,4575
"Miami, KS",#,32787
"Mitchell, KS",#,6373
"Montgomery, KS",#,35471
"Morris, KS",#,5923
"Morton, KS",#,3233
"Nemaha, KS",#,10178
"Neosho, KS",#,16512
"Ness, KS",#,3107
"Norton, KS",#,5671
"Osage, KS",#,16295
"Osborne, KS",#,3858
"Ottawa, KS",#,6091
"Pawnee, KS",#,6973
"Phillips, KS",#,5642
"Pottawatomie, KS",#,21604
"Pratt, KS",#,9656
"Rawlins, KS",#,2519
"Reno, KS",#,64511
"Republic, KS",#,4980
"Rice, KS",#,10083
"Riley, KS",#,71115
"Rooks, KS",#,5181
"Rush, KS",#,3307
"Russell, KS",#,6970
"Saline, KS",#,55606
"Scott, KS",#,4936
"Sedgwick, KS",#,498365
"Seward, KS",#,22952
"Shawnee, KS",#,177934
"Sheridan, KS",#,2556
"Sherman, KS",#,6010
"Smith, KS",#,3853
"Stafford, KS",#,4437
"Stanton, KS",#,2235
"Stevens, KS",#,5724
"Sumner, KS",#,24132
"Thomas, KS",#,7900
"Trego, KS",#,3001
"Wabaunsee, KS",#,7053
"Wallace, KS",#,1485
"Washington, KS",#,5799
"Wichita, KS",#,2234
"Wilson, KS",#,9409
"Woodson, KS",#,3309
"Wyandotte, KS",#,157505
KENTUCKY,#,4339367
"Adair, KY",#,18656
"Allen, KY",#,19956
"Anderson, KY",#,21421
"Ballard, KY",#,8249
"Barren, KY",#,42173
"Bath, KY",#,11591
"Bell, KY",#,28691
"Boone, KY",#,118811
"Bourbon, KY",#,19985
"Boyd, KY",#,49542
"Boyle, KY",#,28432
"Bracken, KY",#,8488
"Breathitt, KY",#,13878
"Breckinridge, KY",#,20059
"Bullitt, KY",#,74319
"Butler, KY",#,12690
"Caldwell, KY",#,12984
"Calloway, KY",#,37191
"Campbell, KY",#,90336
"Carlisle, KY",#,5104
"Carroll, KY",#,10811
"Carter, KY",#,27720
"Casey, KY",#,15955
"Christian, KY",#,73955
"Clark, KY",#,35613
"Clay, KY",#,21730
"Clinton, KY",#,10272
"Crittenden, KY",#,9315
"Cumberland, KY",#,6856
"Daviess, KY",#,96656
"Edmonson, KY",#,12161
"Elliott, KY",#,7852
"Estill, KY",#,14672
"Fayette, KY",#,295803
"Fleming, KY",#,14348
"Floyd, KY",#,39451
"Franklin, KY",#,49285
"Fulton, KY",#,6813
"Gallatin, KY",#,8589
"Garrard, KY",#,16912
"Grant, KY",#,24662
"Graves, KY",#,37121
"Grayson, KY",#,25746
"Green, KY",#,11258
"Greenup, KY",#,36910
"Hancock, KY",#,8565
"Hardin, KY",#,105543
"Harlan, KY",#,29278
"Harrison, KY",#,18846
"Hart, KY",#,18199
"Henderson, KY",#,46250
"Henry, KY",#,15416
"Hickman, KY",#,4902
"Hopkins, KY",#,46920
"Jackson, KY",#,13494
"Jefferson, KY",#,741096
"Jessamine, KY",#,48586
"Johnson, KY",#,23356
"Kenton, KY",#,159720
"Knott, KY",#,16346
"Knox, KY",#,31883
"Larue, KY",#,14193
"Laurel, KY",#,58849
"Lawrence, KY",#,15860
"Lee, KY",#,7887
"Leslie, KY",#,11310
"Letcher, KY",#,24519
"Lewis, KY",#,13870
"Lincoln, KY",#,24742
"Livingston, KY",#,9519
"Logan, KY",#,26835
"Lyon, KY",#,8314
"McCracken, KY",#,65565
"McCreary, KY",#,18306
"McLean, KY",#,9531
"Madison, KY",#,82916
"Magoffin, KY",#,13333
"Marion, KY",#,19820
"Marshall, KY",#,31448
"Martin, KY",#,12929
"Mason, KY",#,17490
"Meade, KY",#,28602
"Menifee, KY",#,6306
"Mercer, KY",#,21331
"Metcalfe, KY",#,10099
"Monroe, KY",#,10963
"Montgomery, KY",#,26499
"Morgan, KY",#,13923
"Muhlenberg, KY",#,31499
"Nelson, KY",#,43437
"Nicholas, KY",#,7135
"Ohio, KY",#,23842
"Oldham, KY",#,60316
"Owen, KY",#,10841
"Owsley, KY",#,4755
"Pendleton, KY",#,14877
"Perry, KY",#,28712
"Pike, KY",#,65024
"Powell, KY",#,12613
"Pulaski, KY",#,63063
"Robertson, KY",#,2282
"Rockcastle, KY",#,17056
"Rowan, KY",#,23333
"Russell, KY",#,17565
"Scott, KY",#,47173
"Shelby, KY",#,42074
"Simpson, KY",#,17327
"Spencer, KY",#,17061
"Taylor, KY",#,24512
"Todd, KY",#,12460
"Trigg, KY",#,14339
"Trimble, KY",#,8809
"Union, KY",#,15007
"Warren, KY",#,113792
"Washington, KY",#,11717
"Wayne, KY",#,20813
"Webster, KY",#,13621
"Whitley, KY",#,35637
"Wolfe, KY",#,7355
"Woodford, KY",#,24939
LOUISIANA,#,4533372
"Acadia, LA",#,61773
"Allen, LA",#,25764
"Ascension, LA",#,107215
"Assumption, LA",#,23421
"Avoyelles, LA",#,42073
"Beauregard, LA",#,35654
"Bienville, LA",#,14353
"Bossier, LA",#,116979
"Caddo, LA",#,254969
"Calcasieu, LA",#,192768
"Caldwell, LA",#,10132
"Cameron, LA",#,6839
"Catahoula, LA",#,10407
"Claiborne, LA",#,17195
"Concordia, LA",#,20822
"De Soto, LA",#,26656
"East Baton Rouge, LA",#,440171
"East Carroll, LA",#,7759
"East Feliciana, LA",#,20267
"Evangeline, LA",#,33984
"Franklin, LA",#,20767
"Grant, LA",#,22309
"Iberia, LA",#,73240
"Iberville, LA",#,33387
"Jackson, LA",#,16274
"Jefferson, LA",#,432552
"Jefferson Davis, LA",#,31594
"Lafayette, LA",#,221578
"Lafourche, LA",#,96318
"La Salle, LA",#,14890
"Lincoln, LA",#,46735
"Livingston, LA",#,128026
"Madison, LA",#,12093
"Morehouse, LA",#,27979
"Natchitoches, LA",#,39566
"Orleans, LA",#,343829
"Ouachita, LA",#,153720
"Plaquemines, LA",#,23042
"Pointe Coupee, LA",#,22802
"Rapides, LA",#,131613
"Red River, LA",#,9091
"Richland, LA",#,20725
"Sabine, LA",#,24233
"St. Bernard, LA",#,35897
"St. Charles, LA",#,52780
"St. Helena, LA",#,11203
"St. James, LA",#,22102
"St. John the Baptist, LA",#,45924
"St. Landry, LA",#,83384
"St. Martin, LA",#,52160
"St. Mary, LA",#,54650
"St. Tammany, LA",#,233740
"Tangipahoa, LA",#,121097
"Tensas, LA",#,5252
"Terrebonne, LA",#,111860
"Union, LA",#,22721
"Vermilion, LA",#,57999
"Vernon, LA",#,52334
"Washington, LA",#,47168
"Webster, LA",#,41207
"West Baton Rouge, LA",#,23788
"West Carroll, LA",#,11604
"West Feliciana, LA",#,15625
"Winn, LA",#,15313
MAINE,#,1328361
"Androscoggin, ME",#,107702
"Aroostook, ME",#,71870
"Cumberland, ME",#,281674
"Franklin, ME",#,30768
"Hancock, ME",#,54418
"Kennebec, ME",#,122151
"Knox, ME",#,39736
"Lincoln, ME",#,34457
"Oxford, ME",#,57833
"Penobscot, ME",#,153923
"Piscataquis, ME",#,17535
"Sagadahoc, ME",#,35293
"Somerset, ME",#,52228
"Waldo, ME",#,38786
"Washington, ME",#,32856
"York, ME",#,197131
MARYLAND,#,5773552
"Allegany, MD",#,75087
"Anne Arundel, MD",#,537656
"Baltimore, MD",#,805029
"Calvert, MD",#,88737
"Caroline, MD",#,33066
"Carroll, MD",#,167134
"Cecil, MD",#,101108
"Charles, MD",#,146551
"Dorchester, MD",#,32618
"Frederick, MD",#,233385
"Garrett, MD",#,30097
"Harford, MD",#,244826
"Howard, MD",#,287085
"Kent, MD",#,20197
"Montgomery, MD",#,971777
"Prince George's, MD",#,863420
"Queen Anne's, MD",#,47798
"St. Mary's, MD",#,105151
"Somerset, MD",#,26470
"Talbot, MD",#,37782
"Washington, MD",#,147430
"Wicomico, MD",#,98733
"Worcester, MD",#,51454
"Baltimore city, MD",#,620961
MASSACHUSETTS,#,6547629
"Barnstable, MA",#,215888
"Berkshire, MA",#,131219
"Bristol, MA",#,548285
"Dukes, MA",#,16535
"Essex, MA",#,743159
"Franklin, MA",#,71372
"Hampden, MA",#,463490
"Hampshire, MA",#,158080
"Middlesex, MA",#,1503085
"Nantucket, MA",#,10172
"Norfolk, MA",#,670850
"Plymouth, MA",#,494919
"Suffolk, MA",#,722023
"Worcester, MA",#,798552
MICHIGAN,#,9883640
"Alcona, MI",#,10942
"Alger, MI",#,9601
"Allegan, MI",#,111408
"Alpena, MI",#,29598
"Antrim, MI",#,23580
"Arenac, MI",#,15899
"Baraga, MI",#,8860
"Barry, MI",#,59173
"Bay, MI",#,107771
"Benzie, MI",#,17525
"Berrien, MI",#,156813
"Branch, MI",#,45248
"Calhoun, MI",#,136146
"Cass, MI",#,52293
"Charlevoix, MI",#,25949
"Cheboygan, MI",#,26152
"Chippewa, MI",#,38520
"Clare, MI",#,30926
"Clinton, MI",#,75382
"Crawford, MI",#,14074
"Delta, MI",#,37069
"Dickinson, MI",#,26168
"Eaton, MI",#,107759
"Emmet, MI",#,32694
"Genesee, MI",#,425790
"Gladwin, MI",#,25692
"Gogebic, MI",#,16427
"Grand Traverse, MI",#,86986
"Gratiot, MI",#,42476
"Hillsdale, MI",#,46688
"Houghton, MI",#,36628
"Huron, MI",#,33118
"Ingham, MI",#,280895
"Ionia, MI",#,63905
"Iosco, MI",#,25887
"Iron, MI",#,11817
"Isabella, MI",#,70311
"Jackson, MI",#,160248
"Kalamazoo, MI",#,250331
"Kalkaska, MI",#,17153
"Kent, MI",#,602622
"Keweenaw, MI",#,2156
"Lake, MI",#,11539
"Lapeer, MI",#,88319
"Leelanau, MI",#,21708
"Lenawee, MI",#,99892
"Livingston, MI",#,180967
"Luce, MI",#,6631
"Mackinac, MI",#,11113
"Macomb, MI",#,840978
"Manistee, MI",#,24733
"Marquette, MI",#,67077
"Mason, MI",#,28705
"Mecosta, MI",#,42798
"Menominee, MI",#,24029
"Midland, MI",#,83629
"Missaukee, MI",#,14849
"Monroe, MI",#,152021
"Montcalm, MI",#,63342
"Montmorency, MI",#,9765
"Muskegon, MI",#,172188
"Newaygo, MI",#,48460
"Oakland, MI",#,1202362
"Oceana, MI",#,26570
"Ogemaw, MI",#,21699
"Ontonagon, MI",#,6780
"Osceola, MI",#,23528
"Oscoda, MI",#,8640
"Otsego, MI",#,24164
"Ottawa, MI",#,263801
"Presque Isle, MI",#,13376
"Roscommon, MI",#,24449
"Saginaw, MI",#,200169
"St. Clair, MI",#,163040
"St. Joseph, MI",#,61295
"Sanilac, MI",#,43114
"Schoolcraft, MI",#,8485
"Shiawassee, MI",#,70648
"Tuscola, MI",#,55729
"Van Buren, MI",#,76258
"Washtenaw, MI",#,344791
"Wayne, MI",#,1820584
"Wexford, MI",#,32735
MINNESOTA,#,5303925
"Aitkin, MN",#,16202
"Anoka, MN",#,330844
"Becker, MN",#,32504
"Beltrami, MN",#,44442
"Benton, MN",#,38451
"Big Stone, MN",#,5269
"Blue Earth, MN",#,64013
"Brown, MN",#,25893
"Carlton, MN",#,35386
"Carver, MN",#,91042
"Cass, MN",#,28567
"Chippewa, MN",#,12441
"Chisago, MN",#,53887
"Clay, MN",#,58999
"Clearwater, MN",#,8695
"Cook, MN",#,5176
"Cottonwood, MN",#,11687
"Crow Wing, MN",#,62500
"Dakota, MN",#,398552
"Dodge, MN",#,20087
"Douglas, MN",#,36009
"Faribault, MN",#,14553
"Fillmore, MN",#,20866
"Freeborn, MN",#,31255
"Goodhue, MN",#,46183
"Grant, MN",#,6018
"Hennepin, MN",#,1152425
"Houston, MN",#,19027
"Hubbard, MN",#,20428
"Isanti, MN",#,37816
"Itasca, MN",#,45058
"Jackson, MN",#,10266
"Kanabec, MN",#,16239
"Kandiyohi, MN",#,42239
"Kittson, MN",#,4552
"Koochiching, MN",#,13311
"Lac qui Parle, MN",#,7259
"Lake, MN",#,10866
"Lake of the Woods, MN",#,4045
"Le Sueur, MN",#,27703
"Lincoln, MN",#,5896
"Lyon, MN",#,25857
"McLeod, MN",#,36651
"Mahnomen, MN",#,5413
"Marshall, MN",#,9439
"Martin, MN",#,20840
"Meeker, MN",#,23300
"Mille Lacs, MN",#,26097
"Morrison, MN",#,33198
"Mower, MN",#,39163
"Murray, MN",#,8725
"Nicollet, MN",#,32727
"Nobles, MN",#,21378
"Norman, MN",#,6852
"Olmsted, MN",#,144248
"Otter Tail, MN",#,57303
"Pennington, MN",#,13930
"Pine, MN",#,29750
"Pipestone, MN",#,9596
"Polk, MN",#,31600
"Pope, MN",#,10995
"Ramsey, MN",#,508640
"Red Lake, MN",#,4089
"Redwood, MN",#,16059
"Renville, MN",#,15730
"Rice, MN",#,64142
"Rock, MN",#,9687
"Roseau, MN",#,15629
"St. Louis, MN",#,200226
"Scott, MN",#,129928
"Sherburne, MN",#,88499
"Sibley, MN",#,15226
"Stearns, MN",#,150642
"Steele, MN",#,36576
"Stevens, MN",#,9726
"Swift, MN",#,9783
"Todd, MN",#,24895
"Traverse, MN",#,3558
"Wabasha, MN",#,21676
"Wadena, MN",#,13843
"Waseca, MN",#,19136
"Washington, MN",#,238136
"Watonwan, MN",#,11211
"Wilkin, MN",#,6576
"Winona, MN",#,51461
"Wright, MN",#,124700
"Yellow Medicine, MN",#,10438
MISSISSIPPI,#,2967297
"Adams, MS",#,32297
"Alcorn, MS",#,37057
"Amite, MS",#,13131
"Attala, MS",#,19564
"Benton, MS",#,8729
"Bolivar, MS",#,34145
"Calhoun, MS",#,14962
"Carroll, MS",#,10597
"Chickasaw, MS",#,17392
"Choctaw, MS",#,8547
"Claiborne, MS",#,9604
"Clarke, MS",#,16732
"Clay, MS",#,20634
"Coahoma, MS",#,26151
"Copiah, MS",#,29449
"Covington, MS",#,19568
"DeSoto, MS",#,161252
"Forrest, MS",#,74934
"Franklin, MS",#,8118
"George, MS",#,22578
"Greene, MS",#,14400
"Grenada, MS",#,21906
"Hancock, MS",#,43929
"Harrison, MS",#,187105
"Hinds, MS",#,245285
"Holmes, MS",#,19198
"Humphreys, MS",#,9375
"Issaquena, MS",#,1406
"Itawamba, MS",#,23401
"Jackson, MS",#,139668
"Jasper, MS",#,17062
"Jefferson, MS",#,7726
"Jefferson Davis, MS",#,12487
"Jones, MS",#,67761
"Kemper, MS",#,10456
"Lafayette, MS",#,47351
"Lamar, MS",#,55658
"Lauderdale, MS",#,80261
"Lawrence, MS",#,12929
"Leake, MS",#,23805
"Lee, MS",#,82910
"Leflore, MS",#,32317
"Lincoln, MS",#,34869
"Lowndes, MS",#,59779
"Madison, MS",#,95203
"Marion, MS",#,27088
"Marshall, MS",#,37144
"Monroe, MS",#,36989
"Montgomery, MS",#,10925
"Neshoba, MS",#,29676
"Newton, MS",#,21720
"Noxubee, MS",#,11545
"Oktibbeha, MS",#,47671
"Panola, MS",#,34707
"Pearl River, MS",#,55834
"Perry, MS",#,12250
"Pike, MS",#,40404
"Pontotoc, MS",#,29957
"Prentiss, MS",#,25276
"Quitman, MS",#,8223
"Rankin, MS",#,141617
"Scott, MS",#,28264
"Sharkey, MS",#,4916
"Simpson, MS",#,27503
"Smith, MS",#,16491
"Stone, MS",#,17786
"Sunflower, MS",#,29450
"Tallahatchie, MS",#,15378
"Tate, MS",#,28886
"Tippah, MS",#,22232
"Tishomingo, MS",#,19593
"Tunica, MS",#,10778
"Union, MS",#,27134
"Walthall, MS",#,15443
"Warren, MS",#,48773
"Washington, MS",#,51137
"Wayne, MS",#,20747
"Webster, MS",#,10253
"Wilkinson, MS",#,9878
"Winston, MS",#,19198
"Yalobusha, MS",#,12678
"Yazoo, MS",#,28065
MISSOURI,#,5988927
"Adair, MO",#,25607
"Andrew, MO",#,17291
"Atchison, MO",#,5685
"Audrain, MO",#,25529
"Barry, MO",#,35597
"Barton, MO",#,12402
"Bates, MO",#,17049
"Benton, MO",#,19056
"Bollinger, MO",#,12363
"Boone, MO",#,162642
"Buchanan, MO",#,89201
"Butler, MO",#,42794
"Caldwell, MO",#,9424
"Callaway, MO",#,44332
"Camden, MO",#,44002
"Cape Girardeau, MO",#,75674
"Carroll, MO",#,9295
"Carter, MO",#,6265
"Cass, MO",#,99478
"Cedar, MO",#,13982
"Chariton, MO",#,7831
"Christian, MO",#,77422
"Clark, MO",#,7139
"Clay, MO",#,221939
"Clinton, MO",#,20743
"Cole, MO",#,75990
"Cooper, MO",#,17601
"Crawford, MO",#,24696
"Dade, MO",#,7883
"Dallas, MO",#,16777
"Daviess, MO",#,8433
"DeKalb, MO",#,12892
"Dent, MO",#,15657
"Douglas, MO",#,13684
"Dunklin, MO",#,31953
"Franklin, MO",#,101492
"Gasconade, MO",#,15222
"Gentry, MO",#,6738
"Greene, MO",#,275174
"Grundy, MO",#,10261
"Harrison, MO",#,8957
"Henry, MO",#,22272
"Hickory, MO",#,9627
"Holt, MO",#,4912
"Howard, MO",#,10144
"Howell, MO",#,40400
"Iron, MO",#,10630
"Jackson, MO",#,674158
"Jasper, MO",#,117404
"Jefferson, MO",#,218733
"Johnson, MO",#,52595
"Knox, MO",#,4131
"Laclede, MO",#,35571
"Lafayette, MO",#,33381
"Lawrence, MO",#,38634
"Lewis, MO",#,10211
"Lincoln, MO",#,52566
"Linn, MO",#,12761
"Livingston, MO",#,15195
"McDonald, MO",#,23083
"Macon, MO",#,15566
"Madison, MO",#,12226
"Maries, MO",#,9176
"Marion, MO",#,28781
"Mercer, MO",#,3785
"Miller, MO",#,24748
"Mississippi, MO",#,14358
"Moniteau, MO",#,15607
"Monroe, MO",#,8840
"Montgomery, MO",#,12236
"Morgan, MO",#,20565
"New Madrid, MO",#,18956
"Newton, MO",#,58114
"Nodaway, MO",#,23370
"Oregon, MO",#,10881
"Osage, MO",#,13878
"Ozark, MO",#,9723
"Pemiscot, MO",#,18296
"Perry, MO",#,18971
"Pettis, MO",#,42201
"Phelps, MO",#,45156
"Pike, MO",#,18516
"Platte, MO",#,89322
"Polk, MO",#,31137
"Pulaski, MO",#,52274
"Putnam, MO",#,4979
"Ralls, MO",#,10167
"Randolph, MO",#,25414
"Ray, MO",#,23494
"Reynolds, MO",#,6696
"Ripley, MO",#,14100
"St. Charles, MO",#,360485
"St. Clair, MO",#,9805
"Ste. Genevieve, MO",#,18145
"St. Francois, MO",#,65359
"St. Louis, MO",#,998954
"Saline, MO",#,23370
"Schuyler, MO",#,4431
"Scotland, MO",#,4843
"Scott, MO",#,39191
"Shannon, MO",#,8441
"Shelby, MO",#,6373
"Stoddard, MO",#,29968
"Stone, MO",#,32202
"Sullivan, MO",#,6714
"Taney, MO",#,51675
"Texas, MO",#,26008
"Vernon, MO",#,21159
"Warren, MO",#,32513
"Washington, MO",#,25195
"Wayne, MO",#,13521
"Webster, MO",#,36202
"Worth, MO",#,2171
"Wright, MO",#,18815
"St. Louis city, MO",#,319294
MONTANA,#,989415
"Beaverhead, MT",#,9246
"Big Horn, MT",#,12865
"Blaine, MT",#,6491
"Broadwater, MT",#,5612
"Carbon, MT",#,10078
"Carter, MT",#,1160
"Cascade, MT",#,81327
"Chouteau, MT",#,5813
"Custer, MT",#,11699
"Daniels, MT",#,1751
"Dawson, MT",#,8966
"Deer Lodge, MT",#,9298
"Fallon, MT",#,2890
"Fergus, MT",#,11586
"Flathead, MT",#,90928
"Gallatin, MT",#,89513
"Garfield, MT",#,1206
"Glacier, MT",#,13399
"Golden Valley, MT",#,884
"Granite, MT",#,3079
"Hill, MT",#,16096
"Jefferson, MT",#,11406
"Judith Basin, MT",#,2072
"Lake, MT",#,28746
"Lewis and Clark, MT",#,63395
"Liberty, MT",#,2339
"Lincoln, MT",#,19687
"McCone, MT",#,1734
"Madison, MT",#,7691
"Meagher, MT",#,1891
"Mineral, MT",#,4223
"Missoula, MT",#,109299
"Musselshell, MT",#,4538
"Park, MT",#,15636
"Petroleum, MT",#,494
"Phillips, MT",#,4253
"Pondera, MT",#,6153
"Powder River, MT",#,1743
"Powell, MT",#,7027
"Prairie, MT",#,1179
"Ravalli, MT",#,40212
"Richland, MT",#,9746
"Roosevelt, MT",#,10425
"Rosebud, MT",#,9233
"Sanders, MT",#,11413
"Sheridan, MT",#,3384
"Silver Bow, MT",#,34200
"Stillwater, MT",#,9117
"Sweet Grass, MT",#,3651
"Teton, MT",#,6073
"Toole, MT",#,5324
"Treasure, MT",#,718
"Valley, MT",#,7369
"Wheatland, MT",#,2168
"Wibaux, MT",#,1017
"Yellowstone, MT",#,147972
"Yellowstone National Park, MT",#,0
NEBRASKA,#,1826341
"Adams, NE",#,31364
"Antelope, NE",#,6685
"Arthur, NE",#,460
"Banner, NE",#,690
"Blaine, NE",#,478
"Boone, NE",#,5505
"Box Butte, NE",#,11308
"Boyd, NE",#,2099
"Brown, NE",#,3145
"Buffalo, NE",#,46102
"Burt, NE",#,6858
"Butler, NE",#,8395
"Cass, NE",#,25241
"Cedar, NE",#,8852
"Chase, NE",#,3966
"Cherry, NE",#,5713
"Cheyenne, NE",#,9998
"Clay, NE",#,6542
"Colfax, NE",#,10515
"Cuming, NE",#,9139
"Custer, NE",#,10939
"Dakota, NE",#,21006
"Dawes, NE",#,9182
"Dawson, NE",#,24326
"Deuel, NE",#,1941
"Dixon, NE",#,6000
"Dodge, NE",#,36691
"Douglas, NE",#,517110
"Dundy, NE",#,2008
"Fillmore, NE",#,5890
"Franklin, NE",#,3225
"Frontier, NE",#,2756
"Furnas, NE",#,4959
"Gage, NE",#,22311
"Garden, NE",#,2057
"Garfield, NE",#,2049
"Gosper, NE",#,2044
"Grant, NE",#,614
"Greeley, NE",#,2538
"Hall, NE",#,58607
"Hamilton, NE",#,9124
"Harlan, NE",#,3423
"Hayes, NE",#,967
"Hitchcock, NE",#,2908
"Holt, NE",#,10435
"Hooker, NE",#,736
"Howard, NE",#,6274
"Jefferson, NE",#,7547
"Johnson, NE",#,5217
"Kearney, NE",#,6489
"Keith, NE",#,8368
"Keya Paha, NE",#,824
"Kimball, NE",#,3821
"Knox, NE",#,8701
"Lancaster, NE",#,285407
"Lincoln, NE",#,36288
"Logan, NE",#,763
"Loup, NE",#,632
"McPherson, NE",#,539
"Madison, NE",#,34876
"Merrick, NE",#,7845
"Morrill, NE",#,5042
"Nance, NE",#,3735
"Nemaha, NE",#,7248
"Nuckolls, NE",#,4500
"Otoe, NE",#,15740
"Pawnee, NE",#,2773
"Perkins, NE",#,2970
"Phelps, NE",#,9188
"Pierce, NE",#,7266
"Platte, NE",#,32237
"Polk, NE",#,5406
"Red Willow, NE",#,11055
"Richardson, NE",#,8363
"Rock, NE",#,1526
"Saline, NE",#,14200
"Sarpy, NE",#,158840
"Saunders, NE",#,20780
"Scotts Bluff, NE",#,36970
"Seward, NE",#,16750
"Sheridan, NE",#,5469
"Sherman, NE",#,3152
"Sioux, NE",#,1311
"Stanton, NE",#,6129
"Thayer, NE",#,5228
"Thomas, NE",#,647
"Thurston, NE",#,6940
"Valley, NE",#,4260
"Washington, NE",#,20234
"Wayne, NE",#,9595
"Webster, NE",#,3812
"Wheeler, NE",#,818
"York, NE",#,13665
NEVADA,#,2700551
"Churchill, NV",#,24877
"Clark, NV",#,1951269
"Douglas, NV",#,46997
"Elko, NV",#,48818
"Esmeralda, NV",#,783
"Eureka, NV",#,1987
"Humboldt, NV",#,16528
"Lander, NV",#,5775
"Lincoln, NV",#,5345
"Lyon, NV",#,51980
"Mineral, NV",#,4772
"Nye, NV",#,43946
"Pershing, NV",#,6753
"Storey, NV",#,4010
"Washoe, NV",#,421407
"White Pine, NV",#,10030
"Carson City city, NV",#,55274
NEW HAMPSHIRE,#,1316470
"Belknap, NH",#,60088
"Carroll, NH",#,47818
"Cheshire, NH",#,77117
"Coos, NH",#,33055
"Grafton, NH",#,89118
"Hillsborough, NH",#,400721
"Merrimack, NH",#,146445
"Rockingham, NH",#,295223
"Strafford, NH",#,123143
"Sullivan, NH",#,43742
NEW JERSEY,#,8791894
"Atlantic, NJ",#,274549
"Bergen, NJ",#,905116
"Burlington, NJ",#,448734
"Camden, NJ",#,513657
"Cape May, NJ",#,97265
"Cumberland, NJ",#,156898
"Essex, NJ",#,783969
"Gloucester, NJ",#,288288
"Hudson, NJ",#,634266
"Hunterdon, NJ",#,128349
"Mercer, NJ",#,366513
"Middlesex, NJ",#,809858
"Monmouth, NJ",#,630380
"Morris, NJ",#,492276
"Ocean, NJ",#,576567
"Passaic, NJ",#,501226
"Salem, NJ",#,66083
"Somerset, NJ",#,323444
"Sussex, NJ",#,149265
"Union, NJ",#,536499
"Warren, NJ",#,108692
NEW MEXICO,#,2059179
"Bernalillo, NM",#,662564
"Catron, NM",#,3725
"Chaves, NM",#,65645
"Cibola, NM",#,27213
"Colfax, NM",#,13750
"Curry, NM",#,48376
"De Baca, NM",#,2022
"Dona Ana, NM",#,209233
"Eddy, NM",#,53829
"Grant, NM",#,29514
"Guadalupe, NM",#,4687
"Harding, NM",#,695
"Hidalgo, NM",#,4894
"Lea, NM",#,64727
"Lincoln, NM",#,20497
"Los Alamos, NM",#,17950
"Luna, NM",#,25095
"McKinley, NM",#,71492
"Mora, NM",#,4881
"Otero, NM",#,63797
"Quay, NM",#,9041
"Rio Arriba, NM",#,40246
"Roosevelt, NM",#,19846
"Sandoval, NM",#,131561
"San Juan, NM",#,130044
"San Miguel, NM",#,29393
"Santa Fe, NM",#,144170
"Sierra, NM",#,11988
"Socorro, NM",#,17866
"Taos, NM",#,32937
"Torrance, NM",#,16383
"Union, NM",#,4549
"Valencia, NM",#,76569
NEW YORK,#,19378102
"Albany, NY",#,304204
"Allegany, NY",#,48946
"Bronx, NY",#,1385108
"Broome, NY",#,200600
"Cattaraugus, NY",#,80317
"Cayuga, NY",#,80026
"Chautauqua, NY",#,134905
"Chemung, NY",#,88830
"Chenango, NY",#,50477
"Clinton, NY",#,82128
"Columbia, NY",#,63096
"Cortland, NY",#,49336
"Delaware, NY",#,47980
"Dutchess, NY",#,297488
"Erie, NY",#,919040
"Essex, NY",#,39370
"Franklin, NY",#,51599
"Fulton, NY",#,55531
"Genesee, NY",#,60079
"Greene, NY",#,49221
"Hamilton, NY",#,4836
"Herkimer, NY",#,64519
"Jefferson, NY",#,116229
"Kings, NY",#,2504700
"Lewis, NY",#,27087
"Livingston, NY",#,65393
"Madison, NY",#,73442
"Monroe, NY",#,744344
"Montgomery, NY",#,50219
"Nassau, NY",#,1339532
"New York, NY",#,1585873
"Niagara, NY",#,216469
"Oneida, NY",#,234878
"Onondaga, NY",#,467026
"Ontario, NY",#,107931
"Orange, NY",#,372813
"Orleans, NY",#,42883
"Oswego, NY",#,122109
"Otsego, NY",#,62259
"Putnam, NY",#,99710
"Queens, NY",#,2230722
"Rensselaer, NY",#,159429
"Richmond, NY",#,468730
"Rockland, NY",#,311687
"St. Lawrence, NY",#,111944
"Saratoga, NY",#,219607
"Schenectady, NY",#,154727
"Schoharie, NY",#,32749
"Schuyler, NY",#,18343
"Seneca, NY",#,35251
"Steuben, NY",#,98990
"Suffolk, NY",#,1493350
"Sullivan, NY",#,77547
"Tioga, NY",#,51125
"Tompkins, NY",#,101564
"Ulster, NY",#,182493
"Warren, NY",#,65707
"Washington, NY",#,63216
"Wayne, NY",#,93772
"Westchester, NY",#,949113
"Wyoming, NY",#,42155
"Yates, NY",#,25348
NORTH CAROLINA,#,9535483
"Alamance, NC",#,151131
"Alexander, NC",#,37198
"Alleghany, NC",#,11155
"Anson, NC",#,26948
"Ashe, NC",#,27281
"Avery, NC",#,17797
"Beaufort, NC",#,47759
"Bertie, NC",#,21282
"Bladen, NC",#,35190
"Brunswick, NC",#,107431
"Buncombe, NC",#,238318
"Burke, NC",#,90912
"Cabarrus, NC",#,178011
"Caldwell, NC",#,83029
"Camden, NC",#,9980
"Carteret, NC",#,66469
"Caswell, NC",#,23719
"Catawba, NC",#,154358
"Chatham, NC",#,63505
"Cherokee, NC",#,27444
"Chowan, NC",#,14793
"Clay, NC",#,10587
"Cleveland, NC",#,98078
"Columbus, NC",#,58098
"Craven, NC",#,103505
"Cumberland, NC",#,319431
"Currituck, NC",#,23547
"Dare, NC",#,33920
"Davidson, NC",#,162878
"Davie, NC",#,41240
"Duplin, NC",#,58505
"Durham, NC",#,267587
"Edgecombe, NC",#,56552
"Forsyth, NC",#,350670
"Franklin, NC",#,60619
"Gaston, NC",#,206086
"Gates, NC",#,12197
"Graham, NC",#,8861
"Granville, NC",#,59916
"Greene, NC",#,21362
"Guilford, NC",#,488406
"Halifax, NC",#,54691
"Harnett, NC",#,114678
"Haywood, NC",#,59036
"Henderson, NC",#,106740
"Hertford, NC",#,24669
"Hoke, NC",#,46952
"Hyde, NC",#,5810
"Iredell, NC",#,159437
"Jackson, NC",#,40271
"Johnston, NC",#,168878
"Jones, NC",#,10153
"Lee, NC",#,57866
"Lenoir, NC",#,59495
"Lincoln, NC",#,78265
"McDowell, NC",#,44996
"Macon, NC",#,33922
"Madison, NC",#,20764
"Martin, NC",#,24505
"Mecklenburg, NC",#,919628
"Mitchell, NC",#,15579
"Montgomery, NC",#,27798
"Moore, NC",#,88247
"Nash, NC",#,95840
"New Hanover, NC",#,202667
"Northampton, NC",#,22099
"Onslow, NC",#,177772
"Orange, NC",#,133801
"Pamlico, NC",#,13144
"Pasquotank, NC",#,40661
"Pender, NC",#,52217
"Perquimans, NC",#,13453
"Person, NC",#,39464
"Pitt, NC",#,168148
"Polk, NC",#,20510
"Randolph, NC",#,141752
"Richmond, NC",#,46639
"Robeson, NC",#,134168
"Rockingham, NC",#,93643
"Rowan, NC",#,138428
"Rutherford, NC",#,67810
"Sampson, NC",#,63431
"Scotland, NC",#,36157
"Stanly, NC",#,60585
"Stokes, NC",#,47401
"Surry, NC",#,73673
"Swain, NC",#,13981
"Transylvania, NC",#,33090
"Tyrrell, NC",#,4407
"Union, NC",#,201292
"Vance, NC",#,45422
"Wake, NC",#,900993
"Warren, NC",#,20972
"Washington, NC",#,13228
"Watauga, NC",#,51079
"Wayne, NC",#,122623
"Wilkes, NC",#,69340
"Wilson, NC",#,81234
"Yadkin, NC",#,38406
"Yancey, NC",#,17818
NORTH DAKOTA,#,672591
"Adams, ND",#,2343
"Barnes, ND",#,11066
"Benson, ND",#,6660
"Billings, ND",#,783
"Bottineau, ND",#,6429
"Bowman, ND",#,3151
"Burke, ND",#,1968
"Burleigh, ND",#,81308
"Cass, ND",#,149778
"Cavalier, ND",#,3993
"Dickey, ND",#,5289
"Divide, ND",#,2071
"Dunn, ND",#,3536
"Eddy, ND",#,2385
"Emmons, ND",#,3550
"Foster, ND",#,3343
"Golden Valley, ND",#,1680
"Grand Forks, ND",#,66861
"Grant, ND",#,2394
"Griggs, ND",#,2420
"Hettinger, ND",#,2477
"Kidder, ND",#,2435
"LaMoure, ND",#,4139
"Logan, ND",#,1990
"McHenry, ND",#,5395
"McIntosh, ND",#,2809
"McKenzie, ND",#,6360
"McLean, ND",#,8962
"Mercer, ND",#,8424
"Morton, ND",#,27471
"Mountrail, ND",#,7673
"Nelson, ND",#,3126
"Oliver, ND",#,1846
"Pembina, ND",#,7413
"Pierce, ND",#,4357
"Ramsey, ND",#,11451
"Ransom, ND",#,5457
"Renville, ND",#,2470
"Richland, ND",#,16321
"Rolette, ND",#,13937
"Sargent, ND",#,3829
"Sheridan, ND",#,1321
"Sioux, ND",#,4153
"Slope, ND",#,727
"Stark, ND",#,24199
"Steele, ND",#,1975
"Stutsman, ND",#,21100
"Towner, ND",#,2246
"Traill, ND",#,8121
"Walsh, ND",#,11119
"Ward, ND",#,61675
"Wells, ND",#,4207
"Williams, ND",#,22398
OHIO,#,11536504
"Adams, OH",#,28550
"Allen, OH",#,106331
"Ashland, OH",#,53139
"Ashtabula, OH",#,101497
"Athens, OH",#,64757
"Auglaize, OH",#,45949
"Belmont, OH",#,70400
"Brown, OH",#,44846
"Butler, OH",#,368130
"Carroll, OH",#,28836
"Champaign, OH",#,40097
"Clark, OH",#,138333
"Clermont, OH",#,197363
"Clinton, OH",#,42040
"Columbiana, OH",#,107841
"Coshocton, OH",#,36901
"Crawford, OH",#,43784
"Cuyahoga, OH",#,1280122
"Darke, OH",#,52959
"Defiance, OH",#,39037
"Delaware, OH",#,174214
"Erie, OH",#,77079
"Fairfield, OH",#,146156
"Fayette, OH",#,29030
"Franklin, OH",#,1163414
"Fulton, OH",#,42698
"Gallia, OH",#,30934
"Geauga, OH",#,93389
"Greene, OH",#,161573
"Guernsey, OH",#,40087
"Hamilton, OH",#,802374
"Hancock, OH",#,74782
"Hardin, OH",#,32058
"Harrison, OH",#,15864
"Henry, OH",#,28215
"Highland, OH",#,43589
"Hocking, OH",#,29380
"Holmes, OH",#,42366
"Huron, OH",#,59626
"Jackson, OH",#,33225
"Jefferson, OH",#,69709
"Knox, OH",#,60921
"Lake, OH",#,230041
"Lawrence, OH",#,62450
"Licking, OH",#,166492
"Logan, OH",#,45858
"Lorain, OH",#,301356
"Lucas, OH",#,441815
"Madison, OH",#,43435
"Mahoning, OH",#,238823
"Marion, OH",#,66501
"Medina, OH",#,172332
"Meigs, OH",#,23770
"Mercer, OH",#,40814
"Miami, OH",#,102506
"Monroe, OH",#,14642
"Montgomery, OH",#,535153
"Morgan, OH",#,15054
"Morrow, OH",#,34827
"Muskingum, OH",#,86074
"Noble, OH",#,14645
"Ottawa, OH",#,41428
"Paulding, OH",#,19614
"Perry, OH",#,36058
"Pickaway, OH",#,55698
"Pike, OH",#,28709
"Portage, OH",#,161419
"Preble, OH",#,42270
"Putnam, OH",#,34499
"Richland, OH",#,124475
"Ross, OH",#,78064
"Sandusky, OH",#,60944
"Scioto, OH",#,79499
"Seneca, OH",#,56745
"Shelby, OH",#,49423
"Stark, OH",#,375586
"Summit, OH",#,541781
"Trumbull, OH",#,210312
"Tuscarawas, OH",#,92582
"Union, OH",#,52300
"Van Wert, OH",#,28744
"Vinton, OH",#,13435
"Warren, OH",#,212693
"Washington, OH",#,61778
"Wayne, OH",#,114520
"Williams, OH",#,37642
"Wood, OH",#,125488
"Wyandot, OH",#,22615
OKLAHOMA,#,3751351
"Adair, OK",#,22683
"Alfalfa, OK",#,5642
"Atoka, OK",#,14182
"Beaver, OK",#,5636
"Beckham, OK",#,22119
"Blaine, OK",#,11943
"Bryan, OK",#,42416
"Caddo, OK",#,29600
"Canadian, OK",#,115541
"Carter, OK",#,47557
"Cherokee, OK",#,46987
"Choctaw, OK",#,15205
"Cimarron, OK",#,2475
"Cleveland, OK",#,255755
"Coal, OK",#,5925
"Comanche, OK",#,124098
"Cotton, OK",#,6193
"Craig, OK",#,15029
"Creek, OK",#,69967
"Custer, OK",#,27469
"Delaware, OK",#,41487
"Dewey, OK",#,4810
"Ellis, OK",#,4151
"Garfield, OK",#,60580
"Garvin, OK",#,27576
"Grady, OK",#,52431
"Grant, OK",#,4527
"Greer, OK",#,6239
"Harmon, OK",#,2922
"Harper, OK",#,3685
"Haskell, OK",#,12769
"Hughes, OK",#,14003
"Jackson, OK",#,26446
"Jefferson, OK",#,6472
"Johnston, OK",#,10957
"Kay, OK",#,46562
"Kingfisher, OK",#,15034
"Kiowa, OK",#,9446
"Latimer, OK",#,11154
"Le Flore, OK",#,50384
"Lincoln, OK",#,34273
"Logan, OK",#,41848
"Love, OK",#,9423
"McClain, OK",#,34506
"McCurtain, OK",#,33151
"McIntosh, OK",#,20252
"Major, OK",#,7527
"Marshall, OK",#,15840
"Mayes, OK",#,41259
"Murray, OK",#,13488
"Muskogee, OK",#,70990
"Noble, OK",#,11561
"Nowata, OK",#,10536
"Okfuskee, OK",#,12191
"Oklahoma, OK",#,718633
"Okmulgee, OK",#,40069
"Osage, OK",#,47472
"Ottawa, OK",#,31848
"Pawnee, OK",#,16577
"Payne, OK",#,77350
"Pittsburg, OK",#,45837
"Pontotoc, OK",#,37492
"Pottawatomie, OK",#,69442
"Pushmataha, OK",#,11572
"Roger Mills, OK",#,3647
"Rogers, OK",#,86905
"Seminole, OK",#,25482
"Sequoyah, OK",#,42391
"Stephens, OK",#,45048
"Texas, OK",#,20640
"Tillman, OK",#,7992
"Tulsa, OK",#,603403
"Wagoner, OK",#,73085
"Washington, OK",#,50976
"Washita, OK",#,11629
"Woods, OK",#,8878
"Woodward, OK",#,20081
OREGON,#,3831074
"Baker, OR",#,16134
"Benton, OR",#,85579
"Clackamas, OR",#,375992
"Clatsop, OR",#,37039
"Columbia, OR",#,49351
"Coos, OR",#,63043
"Crook, OR",#,20978
"Curry, OR",#,22364
"Deschutes, OR",#,157733
"Douglas, OR",#,107667
"Gilliam, OR",#,1871
"Grant, OR",#,7445
"Harney, OR",#,7422
"Hood River, OR",#,22346
"Jackson, OR",#,203206
"Jefferson, OR",#,21720
"Josephine, OR",#,82713
"Klamath, OR",#,66380
"Lake, OR",#,7895
"Lane, OR",#,351715
"Lincoln, OR",#,46034
"Linn, OR",#,116672
"Malheur, OR",#,31313
"Marion, OR",#,315335
"Morrow, OR",#,11173
"Multnomah, OR",#,735334
"Polk, OR",#,75403
"Sherman, OR",#,1765
"Tillamook, OR",#,25250
"Umatilla, OR",#,75889
"Union, OR",#,25748
"Wallowa, OR",#,7008
"Wasco, OR",#,25213
"Washington, OR",#,529710
"Wheeler, OR",#,1441
"Yamhill, OR",#,99193
PENNSYLVANIA,#,12702379
"Adams, PA",#,101407
"Allegheny, PA",#,1223348
"Armstrong, PA",#,68941
"Beaver, PA",#,170539
"Bedford, PA",#,49762
"Berks, PA",#,411442
"Blair, PA",#,127089
"Bradford, PA",#,62622
"Bucks, PA",#,625249
"Butler, PA",#,183862
"Cambria, PA",#,143679
"Cameron, PA",#,5085
"Carbon, PA",#,65249
"Centre, PA",#,153990
"Chester, PA",#,498886
"Clarion, PA",#,39988
"Clearfield, PA",#,81642
"Clinton, PA",#,39238
"Columbia, PA",#,67295
"Crawford, PA",#,88765
"Cumberland, PA",#,235406
"Dauphin, PA",#,268100
"Delaware, PA",#,558979
"Elk, PA",#,31946
"Erie, PA",#,280566
"Fayette, PA",#,136606
"Forest, PA",#,7716
"Franklin, PA",#,149618
"Fulton, PA",#,14845
"Greene, PA",#,38686
"Huntingdon, PA",#,45913
"Indiana, PA",#,88880
"Jefferson, PA",#,45200
"Juniata, PA",#,24636
"Lackawanna, PA",#,214437
"Lancaster, PA",#,519445
"Lawrence, PA",#,91108
"Lebanon, PA",#,133568
"Lehigh, PA",#,349497
"Luzerne, PA",#,320918
"Lycoming, PA",#,116111
"McKean, PA",#,43450
"Mercer, PA",#,116638
"Mifflin, PA",#,46682
"Monroe, PA",#,169842
"Montgomery, PA",#,799874
"Montour, PA",#,18267
"Northampton, PA",#,297735
"Northumberland, PA",#,94528
"Perry, PA",#,45969
"Philadelphia, PA",#,1526006
"Pike, PA",#,57369
"Potter, PA",#,17457
"Schuylkill, PA",#,148289
"Snyder, PA",#,39702
"Somerset, PA",#,77742
"Sullivan, PA",#,6428
"Susquehanna, PA",#,43356
"Tioga, PA",#,41981
"Union, PA",#,44947
"Venango, PA",#,54984
"Warren, PA",#,41815
"Washington, PA",#,207820
"Wayne, PA",#,52822
"Westmoreland, PA",#,365169
"Wyoming, PA",#,28276
"York, PA",#,434972
RHODE ISLAND,#,1052567
"Bristol, RI",#,49875
"Kent, RI",#,166158
"Newport, RI",#,82888
"Providence, RI",#,626667
"Washington, RI",#,126979
SOUTH CAROLINA,#,4625364
"Abbeville, SC",#,25417
"Aiken, SC",#,160099
"Allendale, SC",#,10419
"Anderson, SC",#,187126
"Bamberg, SC",#,15987
"Barnwell, SC",#,22621
"Beaufort, SC",#,162233
"Berkeley, SC",#,177843
"Calhoun, SC",#,15175
"Charleston, SC",#,350209
"Cherokee, SC",#,55342
"Chester, SC",#,33140
"Chesterfield, SC",#,46734
"Clarendon, SC",#,34971
"Colleton, SC",#,38892
"Darlington, SC",#,68681
"Dillon, SC",#,32062
"Dorchester, SC",#,136555
"Edgefield, SC",#,26985
"Fairfield, SC",#,23956
"Florence, SC",#,136885
"Georgetown, SC",#,60158
"Greenville, SC",#,451225
"Greenwood, SC",#,69661
"Hampton, SC",#,21090
"Horry, SC",#,269291
"Jasper, SC",#,24777
"Kershaw, SC",#,61697
"Lancaster, SC",#,76652
"Laurens, SC",#,66537
"Lee, SC",#,19220
"Lexington, SC",#,262391
"McCormick, SC",#,10233
"Marion, SC",#,33062
"Marlboro, SC",#,28933
"Newberry, SC",#,37508
"Oconee, SC",#,74273
"Orangeburg, SC",#,92501
"Pickens, SC",#,119224
"Richland, SC",#,384504
"Saluda, SC",#,19875
"Spartanburg, SC",#,284307
"Sumter, SC",#,107456
"Union, SC",#,28961
"Williamsburg, SC",#,34423
"York, SC",#,226073
SOUTH DAKOTA,#,814180
"Aurora, SD",#,2710
"Beadle, SD",#,17398
"Bennett, SD",#,3431
"Bon Homme, SD",#,7070
"Brookings, SD",#,31965
"Brown, SD",#,36531
"Brule, SD",#,5255
"Buffalo, SD",#,1912
"Butte, SD",#,10110
"Campbell, SD",#,1466
"Charles Mix, SD",#,9129
"Clark, SD",#,3691
"Clay, SD",#,13864
"Codington, SD",#,27227
"Corson, SD",#,4050
"Custer, SD",#,8216
"Davison, SD",#,19504
"Day, SD",#,5710
"Deuel, SD",#,4364
"Dewey, SD",#,5301
"Douglas, SD",#,3002
"Edmunds, SD",#,4071
"Fall River, SD",#,7094
"Faulk, SD",#,2364
"Grant, SD",#,7356
"Gregory, SD",#,4271
"Haakon, SD",#,1937
"Hamlin, SD",#,5903
"Hand, SD",#,3431
"Hanson, SD",#,3331
"Harding, SD",#,1255
"Hughes, SD",#,17022
"Hutchinson, SD",#,7343
"Hyde, SD",#,1420
"Jackson, SD",#,3031
"Jerauld, SD",#,2071
"Jones, SD",#,1006
"Kingsbury, SD",#,5148
"Lake, SD",#,11200
"Lawrence, SD",#,24097
"Lincoln, SD",#,44828
"Lyman, SD",#,3755
"McCook, SD",#,5618
"McPherson, SD",#,2459
"Marshall, SD",#,4656
"Meade, SD",#,25434
"Mellette, SD",#,2048
"Miner, SD",#,2389
"Minnehaha, SD",#,169468
"Moody, SD",#,6486
"Pennington, SD",#,100948
"Perkins, SD",#,2982
"Potter, SD",#,2329
"Roberts, SD",#,10149
"Sanborn, SD",#,2355
"Shannon, SD",#,13586
"Spink, SD",#,6415
"Stanley, SD",#,2966
"Sully, SD",#,1373
"Todd, SD",#,9612
"Tripp, SD",#,5644
"Turner, SD",#,8347
"Union, SD",#,14399
"Walworth, SD",#,5438
"Yankton, SD",#,22438
"Ziebach, SD",#,2801
TENNESSEE,#,6346105
"Anderson, TN",#,75129
"Bedford, TN",#,45058
"Benton, TN",#,16489
"Bledsoe, TN",#,12876
"Blount, TN",#,123010
"Bradley, TN",#,98963
"Campbell, TN",#,40716
"Cannon, TN",#,13801
"Carroll, TN",#,28522
"Carter, TN",#,57424
"Cheatham, TN",#,39105
"Chester, TN",#,17131
"Claiborne, TN",#,32213
"Clay, TN",#,7861
"Cocke, TN",#,35662
"Coffee, TN",#,52796
"Crockett, TN",#,14586
"Cumberland, TN",#,56053
"Davidson, TN",#,626681
"Decatur, TN",#,11757
"DeKalb, TN",#,18723
"Dickson, TN",#,49666
"Dyer, TN",#,38335
"Fayette, TN",#,38413
"Fentress, TN",#,17959
"Franklin, TN",#,41052
"Gibson, TN",#,49683
"Giles, TN",#,29485
"Grainger, TN",#,22657
"Greene, TN",#,68831
"Grundy, TN",#,13703
"Hamblen, TN",#,62544
"Hamilton, TN",#,336463
"Hancock, TN",#,6819
"Hardeman, TN",#,27253
"Hardin, TN",#,26026
"Hawkins, TN",#,56833
"Haywood, TN",#,18787
"Henderson, TN",#,27769
"Henry, TN",#,32330
"Hickman, TN",#,24690
"Houston, TN",#,8426
"Humphreys, TN",#,18538
"Jackson, TN",#,11638
"Jefferson, TN",#,51407
"Johnson, TN",#,18244
"Knox, TN",#,432226
"Lake, TN",#,7832
"Lauderdale, TN",#,27815
"Lawrence, TN",#,41869
"Lewis, TN",#,12161
"Lincoln, TN",#,33361
"Loudon, TN",#,48556
"McMinn, TN",#,52266
"McNairy, TN",#,26075
"Macon, TN",#,22248
"Madison, TN",#,98294
"Marion, TN",#,28237
"Marshall, TN",#,30617
"Maury, TN",#,80956
"Meigs, TN",#,11753
"Monroe, TN",#,44519
"Montgomery, TN",#,172331
"Moore, TN",#,6362
"Morgan, TN",#,21987
"Obion, TN",#,31807
"Overton, TN",#,22083
"Perry, TN",#,7915
"Pickett, TN",#,5077
"Polk, TN",#,16825
"Putnam, TN",#,72321
"Rhea, TN",#,31809
"Roane, TN",#,54181
"Robertson, TN",#,66283
"Rutherford, TN",#,262604
"Scott, TN",#,22228
"Sequatchie, TN",#,14112
"Sevier, TN",#,89889
"Shelby, TN",#,927644
"Smith, TN",#,19166
"Stewart, TN",#,13324
"Sullivan, TN",#,156823
"Sumner, TN",#,160645
"Tipton, TN",#,61081
"Trousdale, TN",#,7870
"Unicoi, TN",#,18313
"Union, TN",#,19109
"Van Buren, TN",#,5548
"Warren, TN",#,39839
"Washington, TN",#,122979
"Wayne, TN",#,17021
"Weakley, TN",#,35021
"White, TN",#,25841
"Williamson, TN",#,183182
"Wilson, TN",#,113993
TEXAS,#,25145561
"Anderson, TX",#,58458
"Andrews, TX",#,14786
"Angelina, TX",#,86771
"Aransas, TX",#,23158
"Archer, TX",#,9054
"Armstrong, TX",#,1901
"Atascosa, TX",#,44911
"Austin, TX",#,28417
"Bailey, TX",#,7165
"Bandera, TX",#,20485
"Bastrop, TX",#,74171
"Baylor, TX",#,3726
"Bee, TX",#,31861
"Bell, TX",#,310235
"Bexar, TX",#,1714773
"Blanco, TX",#,10497
"Borden, TX",#,641
"Bosque, TX",#,18212
"Bowie, TX",#,92565
"Brazoria, TX",#,313166
"Brazos, TX",#,194851
"Brewster, TX",#,9232
"Briscoe, TX",#,1637
"Brooks, TX",#,7223
"Brown, TX",#,38106
"Burleson, TX",#,17187
"Burnet, TX",#,42750
"Caldwell, TX",#,38066
"Calhoun, TX",#,21381
"Callahan, TX",#,13544
"Cameron, TX",#,406220
"Camp, TX",#,12401
"Carson, TX",#,6182
"Cass, TX",#,30464
"Castro, TX",#,8062
"Chambers, TX",#,35096
"Cherokee, TX",#,50845
"Childress, TX",#,7041
"Clay, TX",#,10752
"Cochran, TX",#,3127
"Coke, TX",#,3320
"Coleman, TX",#,8895
"Collin, TX",#,782341
"Collingsworth, TX",#,3057
"Colorado, TX",#,20874
"Comal, TX",#,108472
"Comanche, TX",#,13974
"Concho, TX",#,4087
"Cooke, TX",#,38437
"Coryell, TX",#,75388
"Cottle, TX",#,1505
"Crane, TX",#,4375
"Crockett, TX",#,3719
"Crosby, TX",#,6059
"Culberson, TX",#,2398
"Dallam, TX",#,6703
"Dallas, TX",#,2368139
"Dawson, TX",#,13833
"Deaf Smith, TX",#,19372
"Delta, TX",#,5231
"Denton, TX",#,662614
"DeWitt, TX",#,20097
"Dickens, TX",#,2444
"Dimmit, TX",#,9996
"Donley, TX",#,3677
"Duval, TX",#,11782
"Eastland, TX",#,18583
"Ector, TX",#,137130
"Edwards, TX",#,2002
"Ellis, TX",#,149610
"El Paso, TX",#,800647
"Erath, TX",#,37890
"Falls, TX",#,17866
"Fannin, TX",#,33915
"Fayette, TX",#,24554
"Fisher, TX",#,3974
"Floyd, TX",#,6446
"Foard, TX",#,1336
"Fort Bend, TX",#,585375
"Franklin, TX",#,10605
"Freestone, TX",#,19816
"Frio, TX",#,17217
"Gaines, TX",#,17526
"Galveston, TX",#,291309
"Garza, TX",#,6461
"Gillespie, TX",#,24837
"Glasscock, TX",#,1226
"Goliad, TX",#,7210
"Gonzales, TX",#,19807
"Gray, TX",#,22535
"Grayson, TX",#,120877
"Gregg, TX",#,121730
"Grimes, TX",#,26604
"Guadalupe, TX",#,131533
"Hale, TX",#,36273
"Hall, TX",#,3353
"Hamilton, TX",#,8517
"Hansford, TX",#,5613
"Hardeman, TX",#,4139
"Hardin, TX",#,54635
"Harris, TX",#,4092459
"Harrison, TX",#,65631
"Hartley, TX",#,6062
"Haskell, TX",#,5899
"Hays, TX",#,157107
"Hemphill, TX",#,3807
"Henderson, TX",#,78532
"Hidalgo, TX",#,774769
"Hill, TX",#,35089
"Hockley, TX",#,22935
"Hood, TX",#,51182
"Hopkins, TX",#,35161
"Houston, TX",#,23732
"Howard, TX",#,35012
"Hudspeth, TX",#,3476
"Hunt, TX",#,86129
"Hutchinson, TX",#,22150
"Irion, TX",#,1599
"Jack, TX",#,9044
"Jackson, TX",#,14075
"Jasper, TX",#,35710
"Jeff Davis, TX",#,2342
"Jefferson, TX",#,252273
"Jim Hogg, TX",#,5300
"Jim Wells, TX",#,40838
"Johnson, TX",#,150934
"Jones, TX",#,20202
"Karnes, TX",#,14824
"Kaufman, TX",#,103350
"Kendall, TX",#,33410
"Kenedy, TX",#,416
"Kent, TX",#,808
"Kerr, TX",#,49625
"Kimble, TX",#,4607
"King, TX",#,286
"Kinney, TX",#,3598
"Kleberg, TX",#,32061
"Knox, TX",#,3719
"Lamar, TX",#,49793
"Lamb, TX",#,13977
"Lampasas, TX",#,19677
"La Salle, TX",#,6886
"Lavaca, TX",#,19263
"Lee, TX",#,16612
"Leon, TX",#,16801
"Liberty, TX",#,75643
"Limestone, TX",#,23384
"Lipscomb, TX",#,3302
"Live Oak, TX",#,11531
"Llano, TX",#,19301
"Loving, TX",#,82
"Lubbock, TX",#,278831
"Lynn, TX",#,5915
"McCulloch, TX",#,8283
"McLennan, TX",#,234906
"McMullen, TX",#,707
"Madison, TX",#,13664
"Marion, TX",#,10546
"Martin, TX",#,4799
"Mason, TX",#,4012
"Matagorda, TX",#,36702
"Maverick, TX",#,54258
"Medina, TX",#,46006
"Menard, TX",#,2242
"Midland, TX",#,136872
"Milam, TX",#,24757
"Mills, TX",#,4936
"Mitchell, TX",#,9403
"Montague, TX",#,19719
"Montgomery, TX",#,455746
"Moore, TX",#,21904
"Morris, TX",#,12934
"Motley, TX",#,1210
"Nacogdoches, TX",#,64524
"Navarro, TX",#,47735
"Newton, TX",#,14445
"Nolan, TX",#,15216
"Nueces, TX",#,340223
"Ochiltree, TX",#,10223
"Oldham, TX",#,2052
"Orange, TX",#,81837
"Palo Pinto, TX",#,28111
"Panola, TX",#,23796
"Parker, TX",#,116927
"Parmer, TX",#,10269
"Pecos, TX",#,15507
"Polk, TX",#,45413
"Potter, TX",#,121073
"Presidio, TX",#,7818
"Rains, TX",#,10914
"Randall, TX",#,120725
"Reagan, TX",#,3367
"Real, TX",#,3309
"Red River, TX",#,12860
"Reeves, TX",#,13783
"Refugio, TX",#,7383
"Roberts, TX",#,929
"Robertson, TX",#,16622
"Rockwall, TX",#,78337
"Runnels, TX",#,10501
"Rusk, TX",#,53330
"Sabine, TX",#,10834
"San Augustine, TX",#,8865
"San Jacinto, TX",#,26384
"San Patricio, TX",#,64804
"San Saba, TX",#,6131
"Schleicher, TX",#,3461
"Scurry, TX",#,16921
"Shackelford, TX",#,3378
"Shelby, TX",#,25448
"Sherman, TX",#,3034
"Smith, TX",#,209714
"Somervell, TX",#,8490
"Starr, TX",#,60968
"Stephens, TX",#,9630
"Sterling, TX",#,1143
"Stonewall, TX",#,1490
"Sutton, TX",#,4128
"Swisher, TX",#,7854
"Tarrant, TX",#,1809034
"Taylor, TX",#,131506
"Terrell, TX",#,984
"Terry, TX",#,12651
"Throckmorton, TX",#,1641
"Titus, TX",#,32334
"Tom Green, TX",#,110224
"Travis, TX",#,1024266
"Trinity, TX",#,14585
"Tyler, TX",#,21766
"Upshur, TX",#,39309
"Upton, TX",#,3355
"Uvalde, TX",#,26405
"Val Verde, TX",#,48879
"Van Zandt, TX",#,52579
"Victoria, TX",#,86793
"Walker, TX",#,67861
"Waller, TX",#,43205
"Ward, TX",#,10658
"Washington, TX",#,33718
"Webb, TX",#,250304
"Wharton, TX",#,41280
"Wheeler, TX",#,5410
"Wichita, TX",#,131500
"Wilbarger, TX",#,13535
"Willacy, TX",#,22134
"Williamson, TX",#,422679
"Wilson, TX",#,42918
"Winkler, TX",#,7110
"Wise, TX",#,59127
"Wood, TX",#,41964
"Yoakum, TX",#,7879
"Young, TX",#,18550
"Zapata, TX",#,14018
"Zavala, TX",#,11677
UTAH,#,2763885
"Beaver, UT",#,6629
"Box Elder, UT",#,49975
"Cache, UT",#,112656
"Carbon, UT",#,21403
"Daggett, UT",#,1059
"Davis, UT",#,306479
"Duchesne, UT",#,18607
"Emery, UT",#,10976
"Garfield, UT",#,5172
"Grand, UT",#,9225
"Iron, UT",#,46163
"Juab, UT",#,10246
"Kane, UT",#,7125
"Millard, UT",#,12503
"Morgan, UT",#,9469
"Piute, UT",#,1556
"Rich, UT",#,2264
"Salt Lake, UT",#,1029655
"San Juan, UT",#,14746
"Sanpete, UT",#,27822
"Sevier, UT",#,20802
"Summit, UT",#,36324
"Tooele, UT",#,58218
"Uintah, UT",#,32588
"Utah, UT",#,516564
"Wasatch, UT",#,23530
"Washington, UT",#,138115
"Wayne, UT",#,2778
"Weber, UT",#,231236
VERMONT,#,625741
"Addison, VT",#,36821
"Bennington, VT",#,37125
"Caledonia, VT",#,31227
"Chittenden, VT",#,156545
"Essex, VT",#,6306
"Franklin, VT",#,47746
"Grand Isle, VT",#,6970
"Lamoille, VT",#,24475
"Orange, VT",#,28936
"Orleans, VT",#,27231
"Rutland, VT",#,61642
"Washington, VT",#,59534
"Windham, VT",#,44513
"Windsor, VT",#,56670
VIRGINIA,#,8001024
"Accomack, VA",#,33164
"Albemarle, VA",#,98970
"Alleghany, VA",#,16250
"Amelia, VA",#,12690
"Amherst, VA",#,32353
"Appomattox, VA",#,14973
"Arlington, VA",#,207627
"Augusta, VA",#,73750
"Bath, VA",#,4731
"Bedford, VA",#,68676
"Bland, VA",#,6824
"Botetourt, VA",#,33148
"Brunswick, VA",#,17434
"Buchanan, VA",#,24098
"Buckingham, VA",#,17146
"Campbell, VA",#,54842
"Caroline, VA",#,28545
"Carroll, VA",#,30042
"Charles City, VA",#,7256
"Charlotte, VA",#,12586
"Chesterfield, VA",#,316236
"Clarke, VA",#,14034
"Craig, VA",#,5190
"Culpeper, VA",#,46689
"Cumberland, VA",#,10052
"Dickenson, VA",#,15903
"Dinwiddie, VA",#,28001
"Essex, VA",#,11151
"Fairfax, VA",#,1081726
"Fauquier, VA",#,65203
"Floyd, VA",#,15279
"Fluvanna, VA",#,25691
"Franklin, VA",#,56159
"Frederick, VA",#,78305
"Giles, VA",#,17286
"Gloucester, VA",#,36858
"Goochland, VA",#,21717
"Grayson, VA",#,15533
"Greene, VA",#,18403
"Greensville, VA",#,12243
"Halifax, VA",#,36241
"Hanover, VA",#,99863
"Henrico, VA",#,306935
"Henry, VA",#,54151
"Highland, VA",#,2321
"Isle of Wight, VA",#,35270
"James City, VA",#,67009
"King and Queen, VA",#,6945
"King George, VA",#,23584
"King William, VA",#,15935
"Lancaster, VA",#,11391
"Lee, VA",#,25587
"Loudoun, VA",#,312311
"Louisa, VA",#,33153
"Lunenburg, VA",#,12914
"Madison, VA",#,13308
"Mathews, VA",#,8978
"Mecklenburg, VA",#,32727
"Middlesex, VA",#,10959
"Montgomery, VA",#,94392
"Nelson, VA",#,15020
"New Kent, VA",#,18429
"Northampton, VA",#,12389
"Northumberland, VA",#,12330
"Nottoway, VA",#,15853
"Orange, VA",#,33481
"Page, VA",#,24042
"Patrick, VA",#,18490
"Pittsylvania, VA",#,63506
"Powhatan, VA",#,28046
"Prince Edward, VA",#,23368
"Prince George, VA",#,35725
"Prince William, VA",#,402002
"Pulaski, VA",#,34872
"Rappahannock, VA",#,7373
"Richmond, VA",#,9254
"Roanoke, VA",#,92376
"Rockbridge, VA",#,22307
"Rockingham, VA",#,76314
"Russell, VA",#,28897
"Scott, VA",#,23177
"Shenandoah, VA",#,41993
"Smyth, VA",#,32208
"Southampton, VA",#,18570
"Spotsylvania, VA",#,122397
"Stafford, VA",#,128961
"Surry, VA",#,7058
"Sussex, VA",#,12087
"Tazewell, VA",#,45078
"Warren, VA",#,37575
"Washington, VA",#,54876
"Westmoreland, VA",#,17454
"Wise, VA",#,41452
"Wythe, VA",#,29235
"York, VA",#,65464
"Alexandria, VA",#,139966
"Bedford, VA",#,6222
"Bristol, VA",#,17835
"Buena Vista, VA",#,6650
"Charlottesville, VA",#,43475
"Chesapeake, VA",#,222209
"Clifton Forge, VA",#,0
"Colonial Heights, VA",#,17411
"Covington, VA",#,5961
"Danville, VA",#,43055
"Emporia, VA",#,5927
"Fairfax, VA",#,22565
"Falls Church, VA",#,12332
"Franklin, VA",#,8582
"Fredericksburg, VA",#,24286
"Galax, VA",#,7042
"Hampton, VA",#,137436
"Harrisonburg, VA",#,48914
"Hopewell, VA",#,22591
"Lexington, VA",#,7042
"Lynchburg, VA",#,75568
"Manassas, VA",#,37821
"Manassas Park, VA",#,14273
"Martinsville, VA",#,13821
"Newport News, VA",#,180719
"Norfolk, VA",#,242803
"Norton, VA",#,3958
"Petersburg, VA",#,32420
"Poquoson, VA",#,12150
"Portsmouth, VA",#,95535
"Radford, VA",#,16408
"Richmond, VA",#,204214
"Roanoke, VA",#,97032
"Salem, VA",#,24802
"South Boston, VA",#,0
"Staunton, VA",#,23746
"Suffolk, VA",#,84585
"Virginia Beach, VA",#,437994
"Waynesboro, VA",#,21006
"Williamsburg, VA",#,14068
"Winchester, VA",#,26203
WASHINGTON,#,6724540
"Adams, WA",#,18728
"Asotin, WA",#,21623
"Benton, WA",#,175177
"Chelan, WA",#,72453
"Clallam, WA",#,71404
"Clark, WA",#,425363
"Columbia, WA",#,4078
"Cowlitz, WA",#,102410
"Douglas, WA",#,38431
"Ferry, WA",#,7551
"Franklin, WA",#,78163
"Garfield, WA",#,2266
"Grant, WA",#,89120
"Grays Harbor, WA",#,72797
"Island, WA",#,78506
"Jefferson, WA",#,29872
"King, WA",#,1931249
"Kitsap, WA",#,251133
"Kittitas, WA",#,40915
"Klickitat, WA",#,20318
"Lewis, WA",#,75455
"Lincoln, WA",#,10570
"Mason, WA",#,60699
"Okanogan, WA",#,41120
"Pacific, WA",#,20920
"Pend Oreille, WA",#,13001
"Pierce, WA",#,795225
"San Juan, WA",#,15769
"Skagit, WA",#,116901
"Skamania, WA",#,11066
"Snohomish, WA",#,713335
"Spokane, WA",#,471221
"Stevens, WA",#,43531
"Thurston, WA",#,252264
"Wahkiakum, WA",#,3978
"Walla Walla, WA",#,58781
"Whatcom, WA",#,201140
"Whitman, WA",#,44776
"Yakima, WA",#,243231
WEST VIRGINIA,#,1852994
"Barbour, WV",#,16589
"Berkeley, WV",#,104169
"Boone, WV",#,24629
"Braxton, WV",#,14523
"Brooke, WV",#,24069
"Cabell, WV",#,96319
"Calhoun, WV",#,7627
"Clay, WV",#,9386
"Doddridge, WV",#,8202
"Fayette, WV",#,46039
"Gilmer, WV",#,8693
"Grant, WV",#,11937
"Greenbrier, WV",#,35480
"Hampshire, WV",#,23964
"Hancock, WV",#,30676
"Hardy, WV",#,14025
"Harrison, WV",#,69099
"Jackson, WV",#,29211
"Jefferson, WV",#,53498
"Kanawha, WV",#,193063
"Lewis, WV",#,16372
"Lincoln, WV",#,21720
"Logan, WV",#,36743
"McDowell, WV",#,22113
"Marion, WV",#,56418
"Marshall, WV",#,33107
"Mason, WV",#,27324
"Mercer, WV",#,62264
"Mineral, WV",#,28212
"Mingo, WV",#,26839
"Monongalia, WV",#,96189
"Monroe, WV",#,13502
"Morgan, WV",#,17541
"Nicholas, WV",#,26233
"Ohio, WV",#,44443
"Pendleton, WV",#,7695
"Pleasants, WV",#,7605
"Pocahontas, WV",#,8719
"Preston, WV",#,33520
"Putnam, WV",#,55486
"Raleigh, WV",#,78859
"Randolph, WV",#,29405
"Ritchie, WV",#,10449
"Roane, WV",#,14926
"Summers, WV",#,13927
"Taylor, WV",#,16895
"Tucker, WV",#,7141
"Tyler, WV",#,9208
"Upshur, WV",#,24254
"Wayne, WV",#,42481
"Webster, WV",#,9154
"Wetzel, WV",#,16583
"Wirt, WV",#,5717
"Wood, WV",#,86956
"Wyoming, WV",#,23796
WISCONSIN,#,5686986
"Adams, WI",#,20875
"Ashland, WI",#,16157
"Barron, WI",#,45870
"Bayfield, WI",#,15014
"Brown, WI",#,248007
"Buffalo, WI",#,13587
"Burnett, WI",#,15457
"Calumet, WI",#,48971
"Chippewa, WI",#,62415
"Clark, WI",#,34690
"Columbia, WI",#,56833
"Crawford, WI",#,16644
"Dane, WI",#,488073
"Dodge, WI",#,88759
"Door, WI",#,27785
"Douglas, WI",#,44159
"Dunn, WI",#,43857
"Eau Claire, WI",#,98736
"Florence, WI",#,4423
"Fond du Lac, WI",#,101633
"Forest, WI",#,9304
"Grant, WI",#,51208
"Green, WI",#,36842
"Green Lake, WI",#,19051
"Iowa, WI",#,23687
"Iron, WI",#,5916
"Jackson, WI",#,20449
"Jefferson, WI",#,83686
"Juneau, WI",#,26664
"Kenosha, WI",#,166426
"Kewaunee, WI",#,20574
"La Crosse, WI",#,114638
"Lafayette, WI",#,16836
"Langlade, WI",#,19977
"Lincoln, WI",#,28743
"Manitowoc, WI",#,81442
"Marathon, WI",#,134063
"Marinette, WI",#,41749
"Marquette, WI",#,15404
"Menominee, WI",#,4232
"Milwaukee, WI",#,947735
"Monroe, WI",#,44673
"Oconto, WI",#,37660
"Oneida, WI",#,35998
"Outagamie, WI",#,176695
"Ozaukee, WI",#,86395
"Pepin, WI",#,7469
"Pierce, WI",#,41019
"Polk, WI",#,44205
"Portage, WI",#,70019
"Price, WI",#,14159
"Racine, WI",#,195408
"Richland, WI",#,18021
"Rock, WI",#,160331
"Rusk, WI",#,14755
"St. Croix, WI",#,84345
"Sauk, WI",#,61976
"Sawyer, WI",#,16557
"Shawano, WI",#,41949
"Sheboygan, WI",#,115507
"Taylor, WI",#,20689
"Trempealeau, WI",#,28816
"Vernon, WI",#,29773
"Vilas, WI",#,21430
"Walworth, WI",#,102228
"Washburn, WI",#,15911
"Washington, WI",#,131887
"Waukesha, WI",#,389891
"Waupaca, WI",#,52410
"Waushara, WI",#,24496
"Winnebago, WI",#,166994
"Wood, WI",#,74749
WYOMING,#,563626
"Albany, WY",#,36299
"Big Horn, WY",#,11668
"Campbell, WY",#,46133
"Carbon, WY",#,15885
"Converse, WY",#,13833
"Crook, WY",#,7083
"Fremont, WY",#,40123
"Goshen, WY",#,13249
"Hot Springs, WY",#,4812
"Johnson, WY",#,8569
"Laramie, WY",#,91738
"Lincoln, WY",#,18106
"Natrona, WY",#,75450
"Niobrara, WY",#,2484
"Park, WY",#,28205
"Platte, WY",#,8667
"Sheridan, WY",#,29116
"Sublette, WY",#,10247
"Sweetwater, WY",#,43806
"Teton, WY",#,21294
"Uinta, WY",#,21118
"Washakie, WY",#,8533
"Weston, WY",#,7208
